molecule_chembl_id,canonical_smiles,bioactivity_class,value_uM
CHEMBL24038,CCO[C@@H](Cc1ccc(OCCN2c3ccccc3Oc3ccccc32)cc1)C(=O)O,Partial Agonist,97.0
CHEMBL131329,O=C(O)Cc1ccc(OCCCN2C(=O)COc3ccsc32)cc1,Full Agonist,0.5
CHEMBL341227,O=C(O)Cc1ccc(OCCN2C(=O)COc3ccsc32)cc1,Full Agonist,5.0
CHEMBL130939,CCOC(Cc1ccc(OCCN2C(=O)COc3ccsc32)cc1)C(=O)O,Full Agonist,8.0
CHEMBL132390,O=C(O)Cc1cc(Br)c(OCCN2C(=O)COc3ccsc32)c(Br)c1,Full Agonist,2.0
CHEMBL129118,CCOC(Cc1cc(Br)c(OCCN2C(=O)COc3ccsc32)c(Br)c1)C(=O)O,Full Agonist,5.0
CHEMBL340675,CCOC(Cc1ccc(OCCN2C(=O)COc3ccsc32)c(C)c1)C(=O)O,Full Agonist,1.5
CHEMBL130919,O=C(O)Cc1ccc(OCCN2C(=O)COc3ccsc32)c(Br)c1,Full Agonist,1.3
CHEMBL129741,CCOC(Cc1ccc(OCCN2C(=O)COc3ccsc32)c(Cl)c1)C(=O)O,Full Agonist,2.5
CHEMBL130349,CCOC(Cc1ccc(OCCN2C(=O)COc3ccsc32)c(OC)c1)C(=O)O,Full Agonist,0.5
CHEMBL422978,CCOC(Cc1ccc(OCCN2C(=O)COc3ccsc32)c(Br)c1)C(=O)O,Full Agonist,8.0
CHEMBL210454,CCCc1c(OCCCCc2ccc(CC(=O)O)cc2)ccc2c(C(F)(F)F)noc12,Partial Agonist,10.0
CHEMBL210990,CCCc1c(OCCCN(C)c2ncc(CC(=O)O)cn2)ccc2c(C(F)(F)F)noc12,Partial Agonist,10.0
CHEMBL378074,CCCc1c(OCCCN(C)c2cnc(CC(=O)O)cn2)ccc2c(C(F)(F)F)noc12,Partial Agonist,10.0
CHEMBL381064,CCCc1c(OCCCN(C)c2ncc(CC(=O)O)s2)ccc2c(C(F)(F)F)noc12,Partial Agonist,10.0
CHEMBL207188,CCCc1c(OCCCN(C)c2ccc(CC(=O)O)cn2)ccc2c(C(F)(F)F)noc12,Partial Agonist,10.0
CHEMBL208967,CCCc1c(OCCCN(C)c2ccc(CC(=O)O)c(Cl)c2)ccc2c(C(F)(F)F)noc12,Partial Agonist,10.0
CHEMBL207382,CCCc1c(OCCCN2C(=O)Cc3cc(C(=O)O)ccc32)ccc2c(C(F)(F)F)noc12,Partial Agonist,10.0
CHEMBL207690,CCCc1c(OCCCN2C(=O)Cc3cc(CC(=O)O)ccc32)ccc2c(C(F)(F)F)noc12,Partial Agonist,10.0
CHEMBL210613,CCCc1c(OCCCn2cnc3cc(CC(=O)O)ccc32)ccc2c(C(F)(F)F)noc12,Partial Agonist,10.0
CHEMBL207236,CCCc1c(OCCCN(C)c2ccccc2)ccc2c(C(F)(F)F)noc12,Partial Agonist,10.0
CHEMBL207093,CCCc1c(OCCCN(C(C)=O)c2ccc(CC(=O)O)cc2)ccc2c(C(F)(F)F)noc12,Partial Agonist,10.0
CHEMBL210429,CCCc1c(OCCCN(C=O)c2ccc(CC(=O)O)cc2)ccc2c(C(F)(F)F)noc12,Partial Agonist,10.0
CHEMBL383646,CCCc1c(OCCCN(C)c2ccc(CC(=O)O)cc2Cl)ccc2c(C(F)(F)F)noc12,Partial Agonist,50.0
CHEMBL207142,CCCc1c(OCCCN(C)c2ccc(C(=O)O)cc2)ccc2c(C(F)(F)F)noc12,Partial Agonist,50.0
CHEMBL377218,CCCc1c(OCCCn2ccc3cc(C(=O)O)ccc32)ccc2c(C(F)(F)F)noc12,Partial Agonist,10.0
CHEMBL213487,CCOC(Cc1cccc2c1ccn2CCCc1nc(-c2ccccc2)oc1C)C(=O)O,Partial Agonist,71.0
CHEMBL380404,CCOC(Cc1ccc2c(ccn2Cc2nc(-c3ccccc3F)oc2C)c1)C(=O)O,Partial Agonist,52.0
CHEMBL211371,CCOC(Cc1ccc2c(ccn2Cc2nc(-c3ccccc3C)oc2C)c1)C(=O)O,Partial Agonist,77.0
CHEMBL209749,CCOC(Cc1ccc2c(ccn2Cc2nc(-c3ccccc3Cl)oc2C)c1)C(=O)O,Partial Agonist,80.0
CHEMBL378705,CCOC(Cc1ccc2c(ccn2Cc2nc(-c3ccccc3OC)oc2C)c1)C(=O)O,Partial Agonist,107.0
CHEMBL211513,CCOC(Cc1ccc2c(ccn2Cc2nc(-c3cccc(Cl)c3)oc2C)c1)C(=O)O,Partial Agonist,75.0
CHEMBL214272,CCOC(Cc1ccc2c(ccn2Cc2nc(-c3ccc(F)cc3)oc2C)c1)C(=O)O,Partial Agonist,105.0
CHEMBL213675,CCOC(Cc1ccc2c(ccn2Cc2nc(-c3ccc(C(F)(F)F)cc3)oc2C)c1)C(=O)O,Partial Agonist,132.0
CHEMBL213902,COC(Cc1ccc2c(ccn2Cc2nc(-c3ccccc3)oc2C)c1)C(=O)O,Partial Agonist,73.0
CHEMBL265364,CCOC(Cc1ccc2c(ccn2Cc2nc(-c3ccc(F)c(C)c3)oc2C)c1)C(=O)O,Partial Agonist,87.0
CHEMBL387023,CCOC(Cc1ccc2c(ccn2Cc2nc(-c3ccc(C(C)C)cc3)oc2C)c1)C(=O)O,Partial Agonist,68.0
CHEMBL213602,CCOC(Cc1ccc2c(ccn2Cc2nc(-c3ccc(C(C)(C)C)cc3)oc2C)c1)C(=O)O,Partial Agonist,63.0
CHEMBL380070,CCOC(Cc1ccc2c(ccn2Cc2nc(-c3cc(C)cc(C)c3)oc2C)c1)C(=O)O,Partial Agonist,87.0
CHEMBL210163,CCOC(Cc1ccc2c(ccn2Cc2nc(-c3cc(Cl)cc(Cl)c3)oc2C)c1)C(=O)O,Partial Agonist,96.0
CHEMBL211839,CCOC(Cc1ccc2c(ccn2Cc2nc(-c3cc(OC)cc(OC)c3)oc2C)c1)C(=O)O,Partial Agonist,133.0
CHEMBL377898,CCCOC(Cc1ccc2c(ccn2Cc2nc(-c3ccc(C(F)(F)F)cc3)oc2C)c1)C(=O)O,Partial Agonist,118.0
CHEMBL210017,Cc1oc(-c2ccc(C(F)(F)F)cc2)nc1Cn1ccc2cc(CC(OC(C)C)C(=O)O)ccc21,Partial Agonist,134.0
CHEMBL384203,CCOC(Cc1ccc2c(c1)c(C)cn2Cc1nc(-c2ccc(C(F)(F)F)cc2)oc1C)C(=O)O,Partial Agonist,295.0
CHEMBL209546,CCOC(Cc1ccc2c(ccn2Cc2nc(-c3ccccc3)oc2C)c1)C(=O)O,Partial Agonist,50.0
CHEMBL213678,CCOC(Cc1ccc2c(ccn2Cc2nc(-c3ccc(CC)cc3)oc2C)c1)C(=O)O,Partial Agonist,56.0
CHEMBL153057,CCCc1c(OCCCOc2ccc(OCC(=O)O)cc2)ccc(C(C)=O)c1O,Partial Agonist,97.0
CHEMBL425431,CCCc1cc(C(F)(F)F)ncc1OCCCOc1ccc(OCC(=O)O)c(C)c1,Partial Agonist,136.0
CHEMBL213355,CCCc1cc(C(F)(F)F)ccc1OCCCOc1ccc(OCC(=O)O)c(C)c1,Partial Agonist,40.0
CHEMBL214394,CCCc1cc(C(F)(F)F)ccc1OCCCOc1ccc(OCC(=O)OC)c(C)c1,Partial Agonist,85.0
CHEMBL211963,CCCc1cc(C(F)(F)F)ccc1OCCCOc1ccc(OCC(=O)OC)cc1,Partial Agonist,49.0
CHEMBL212993,CCCc1c(OCCCOc2ccc(OCC(=O)OC)cc2)cnc(C(C)=O)c1O,Partial Agonist,64.0
CHEMBL373785,CCCc1c(OCCCOc2ccc(OCC(=O)OC)cc2)ccc(C(C)=O)c1O,Partial Agonist,32.0
CHEMBL38943,Cc1cc(SCc2sc(-c3ccc(C(F)(F)F)cc3)nc2C)ccc1OCC(=O)O,Partial Agonist,452.0
CHEMBL385106,COC(Cc1ccc(OCCc2nc(-c3ccccc3)oc2C)cn1)C(=O)O,Partial Agonist,95.0
CHEMBL121,CN(CCOc1ccc(CC2SC(=O)NC2=O)cc1)c1ccccn1,Full Agonist,6.0
CHEMBL218487,Cc1oc(-c2ccccc2)nc1CCOc1ccc(C[C@]2(C(=O)O)CCCO2)nc1,Partial Agonist,97.0
CHEMBL218591,Cc1oc(-c2ccccc2)nc1CCOc1ccc(C[C@@]2(C(=O)O)CCCO2)nc1,Full Agonist,6.0
CHEMBL385974,Cc1oc(-c2ccccc2)nc1CCOc1ncc(CC2(C(=O)O)CCCO2)cn1,Partial Agonist,58.0
CHEMBL221490,Cc1oc(-c2ccccc2)nc1CCOc1cnc(CC2(C(=O)O)CCCO2)cn1,Partial Agonist,77.0
CHEMBL221489,Cc1cccc(-c2nc(CCOc3ccc(CC4(C(=O)O)CCCO4)nc3)c(C)o2)c1,Partial Agonist,93.0
CHEMBL221438,COc1cccc(-c2nc(CCOc3ccc(CC4(C(=O)O)CCCO4)nc3)c(C)o2)c1,Partial Agonist,98.0
CHEMBL375370,Cc1oc(-c2ccc(Cl)cc2)nc1CCOc1ccc(CC2(C(=O)O)CCCO2)nc1,Partial Agonist,122.0
CHEMBL221388,COc1ccc(-c2nc(CCOc3ccc(CC4(C(=O)O)CCCO4)nc3)c(C)o2)cc1,Partial Agonist,95.0
CHEMBL221529,CCOC(Cc1ccc(OCCCc2nc(-c3ccccc3)oc2C)cn1)C(=O)O,Partial Agonist,76.0
CHEMBL435512,Cc1oc(-c2ccccc2)nc1CCOc1ccc(CC2(C(=O)O)CCCCO2)nc1,Full Agonist,5.0
CHEMBL220655,Cc1oc(-c2ccccc2)nc1CCOc1ccc(CC2(C(=O)O)CCCO2)nc1,Partial Agonist,90.0
CHEMBL222121,COC(C)(Cc1ccc(OCCc2nc(-c3ccccc3)oc2C)cn1)C(=O)O,Partial Agonist,114.0
CHEMBL373430,CCOC(Cc1ccc(OCCc2nc(-c3ccccc3)oc2C)cn1)C(=O)O,Partial Agonist,100.0
CHEMBL38943,Cc1cc(SCc2sc(-c3ccc(C(F)(F)F)cc3)nc2C)ccc1OCC(=O)O,Partial Agonist,108.0
CHEMBL218687,Cc1nc(-c2ccc(C(F)(F)F)cc2)sc1CCc1ccc(OC(C)(C)C(=O)O)cc1,Partial Agonist,138.0
CHEMBL221755,Cc1cc(CCc2sc(-c3ccc(C(F)(F)F)cc3)nc2C)ccc1OCC(=O)O,Partial Agonist,85.0
CHEMBL374355,Cc1nc(-c2ccc(C(F)(F)F)cc2)sc1C(=O)Nc1ccc(OC(C)(C)C(=O)O)cc1,Partial Agonist,69.0
CHEMBL376641,CC(C)(Oc1ccc(CNC(=O)c2sc(-c3ccc(C(F)(F)F)cc3)nc2C(F)(F)F)cc1)C(=O)O,Partial Agonist,98.0
CHEMBL218442,Cc1nc(C(=O)NCc2ccc(OC(C)(C)C(=O)O)cc2)c(C)s1,Partial Agonist,171.0
CHEMBL221254,Cc1nc(-c2ccc(N)cc2)sc1C(=O)NCc1ccc(OC(C)(C)C(=O)O)cc1,Partial Agonist,67.0
CHEMBL375761,Cc1nc(-c2ccccc2C(F)(F)F)sc1C(=O)NCc1ccc(OC(C)(C)C(=O)O)cc1,Partial Agonist,82.0
CHEMBL375760,Cc1nc(-c2cccc(C(F)(F)F)c2)sc1C(=O)NCc1ccc(OC(C)(C)C(=O)O)cc1,Partial Agonist,106.0
CHEMBL218784,CC(C)(Oc1ccc(CNC(=O)c2cnc(-c3ccccc3)s2)cc1)C(=O)O,Partial Agonist,107.0
CHEMBL219587,Cc1nc(-c2ccc(F)cc2)sc1C(=O)NCc1ccc(OC(C)(C)C(=O)O)cc1,Partial Agonist,118.0
CHEMBL218691,COc1ccc(-c2nc(C)c(C(=O)NCc3ccc(OC(C)(C)C(=O)O)cc3)s2)cc1,Partial Agonist,103.0
CHEMBL218637,Cc1nc(-c2ccc([N+](=O)[O-])cc2)sc1C(=O)NCc1ccc(OC(C)(C)C(=O)O)cc1,Partial Agonist,111.0
CHEMBL220281,Cc1nc(-c2ccc(Cl)cc2)sc1C(=O)NCc1ccc(OC(C)(C)C(=O)O)cc1,Partial Agonist,94.0
CHEMBL219626,Cc1nc(-c2ccc(OC(F)(F)F)cc2)sc1C(=O)NCc1ccc(OC(C)(C)C(=O)O)cc1,Partial Agonist,116.0
CHEMBL221074,Cc1nc(-c2ccc(C(C)(C)C)cc2)sc1C(=O)NCc1ccc(OC(C)(C)C(=O)O)cc1,Partial Agonist,66.0
CHEMBL221201,Cc1nc(-c2ccc(C(F)(F)F)cc2)sc1C(=O)NCCc1ccc(OC(C)(C)C(=O)O)cc1,Partial Agonist,129.0
CHEMBL221146,Cc1nc(-c2ccc(C(F)(F)F)cc2)sc1CNC(=O)c1ccc(OC(C)(C)C(=O)O)cc1,Partial Agonist,109.0
CHEMBL220926,Cc1nc(-c2ccc(C(F)(F)F)cc2)sc1C(=O)N(C)Cc1ccc(OC(C)(C)C(=O)O)cc1,Partial Agonist,84.0
CHEMBL219586,Cc1nc(-c2ccc(C(F)(F)F)cc2)sc1C(=O)NCc1ccc(OC(C)(C)C(=O)O)cc1,Partial Agonist,95.0
CHEMBL218094,Cc1nc(-c2ccc(C(F)(F)F)cc2)sc1CNCc1ccc(OC(C)(C)C(=O)O)cc1,Partial Agonist,110.0
CHEMBL375812,O=C(O)C[C@@H]1CCc2cc(OCCCOc3ccc(-c4nc5c(s4)CCCC5)cc3)ccc21,Partial Agonist,100.0
CHEMBL375812,O=C(O)C[C@@H]1CCc2cc(OCCCOc3ccc(-c4nc5c(s4)CCCC5)cc3)ccc21,Partial Agonist,78.0
CHEMBL2113263,CCCc1cc(-c2nc3c(s2)CCCC3)ccc1OCCCOc1ccc2c(c1)CC[C@H]2CC(=O)O,Partial Agonist,100.0
CHEMBL221044,CCCc1cc(C2=NC3OCCCC3S2)ccc1OCCCOc1ccc2c(c1)CC[C@H]2CC(=O)O,Partial Agonist,88.0
CHEMBL221044,CCCc1cc(C2=NC3OCCCC3S2)ccc1OCCCOc1ccc2c(c1)CC[C@H]2CC(=O)O,Partial Agonist,100.0
CHEMBL225828,Cc1cccc2c(-c3cccc(NCc4ccc(CC(=O)O)cc4)c3)c(Cc3ccccc3)cnc12,Full Agonist,7.5
CHEMBL225936,O=C(O)Cc1ccc(CNc2cccc(-c3c(Cc4ccccc4)cnc4c(Cl)cccc34)c2)cc1,Partial Agonist,12.0
CHEMBL244573,Cc1cc(SCc2nc(-c3ccc(C(F)(F)F)cc3)ns2)ccc1OCC(=O)O,Partial Agonist,42.0
CHEMBL242007,Cc1cc(SCc2nc(-c3ccc(OC(F)(F)F)cc3)ns2)ccc1OC1(C(=O)O)CCCC1,Partial Agonist,31.0
CHEMBL395560,Cc1cc(OCc2nc(-c3ccc(OC(F)(F)F)cc3)ns2)ccc1OC(C)(C)C(=O)O,Partial Agonist,80.0
CHEMBL428037,Cc1cc(OCc2nc(-c3ccc(C(F)(F)F)cc3)ns2)ccc1OC(C)(C)C(=O)O,Partial Agonist,71.0
CHEMBL232597,Cc1cc(SCc2nsc(-c3ccc(OC(F)(F)F)cc3)n2)ccc1OC(C)(C)C(=O)O,Partial Agonist,47.0
CHEMBL400625,Cc1cc(SCc2nsc(-c3ccc(C(F)(F)F)cc3)n2)ccc1OC(C)(C)C(=O)O,Partial Agonist,38.0
CHEMBL244786,Cc1cc(SCc2nc(-c3ccc(C(C)(C)C)cc3)ns2)ccc1OC(C)(C)C(=O)O,Partial Agonist,64.0
CHEMBL244575,Cc1cc(SCc2nc(-c3ccc(Cl)cc3)ns2)ccc1OC(C)(C)C(=O)O,Partial Agonist,38.0
CHEMBL396496,Cc1cc(SCc2nc(-c3ccc(OC(F)(F)F)cc3)ns2)ccc1OC(C)(C)C(=O)O,Partial Agonist,44.0
CHEMBL244574,Cc1cc(SCc2nc(-c3ccc(C(F)(F)F)cc3)ns2)ccc1OC(C)(C)C(=O)O,Partial Agonist,51.0
CHEMBL238817,C/C(=C/C(=O)c1ccccc1)N[C@@H](Cc1ccc(OCCOc2cccc3[nH]c4ccccc4c23)cc1)C(=O)O,Full Agonist,4.6
CHEMBL397540,O=C(C1=C(N[C@@H](Cc2ccc(OCCn3c4ccccc4c4ccccc43)cc2)C(=O)O)CCCC1)c1ccccc1,Full Agonist,1.0
CHEMBL397558,COC(=O)[C@H](Cc1ccc(OCCn2c3ccccc3c3ccccc32)cc1)NC1=C(C(=O)c2ccccc2)CCCC1,Full Agonist,0.5
CHEMBL397557,O=C(C1=C(N[C@@H](Cc2ccc(OCCOc3cccc4[nH]c5ccccc5c34)cc2)C(=O)O)CCCC1)c1ccccc1,Full Agonist,1.2
CHEMBL397556,COC(=O)[C@H](Cc1ccc(OCCOc2cccc3[nH]c4ccccc4c23)cc1)NC1=C(C(=O)c2ccccc2)CCCC1,Full Agonist,1.4
CHEMBL239461,C/C(=C/C(=O)c1ccccc1)N[C@@H](Cc1ccc(OCCc2ccc(C(F)(F)F)cc2)cc1)C(=O)O,Full Agonist,0.3
CHEMBL239460,C/C(=C/C(=O)c1ccccc1)N[C@@H](Cc1ccc(OCCOc2ccc(C(=O)c3ccc(Cl)cc3)cc2)cc1)C(=O)O,Full Agonist,2.8
CHEMBL238534,C/C(=C/C(=O)c1ccccc1)N[C@@H](Cc1ccc(OCCOc2cc(C(F)(F)F)nc3c(C(F)(F)F)cccc23)cc1)C(=O)O,Full Agonist,1.1
CHEMBL239256,C/C(=C/C(=O)c1ccccc1)N[C@@H](Cc1ccc(OCCCOc2cccc3[nH]c4ccccc4c23)cc1)C(=O)O,Full Agonist,5.1
CHEMBL400640,C/C(=C/C(=O)c1ccccc1)N[C@@H](Cc1ccc(OCCOc2ccc3c(c2)[nH]c2ccccc23)cc1)C(=O)O,Full Agonist,2.0
CHEMBL238820,COC(=O)[C@H](Cc1ccc(OCCOc2ccc3c(c2)[nH]c2ccccc23)cc1)N/C(C)=C\C(=O)c1ccccc1,Full Agonist,1.9
CHEMBL239027,C/C(=C/C(=O)c1ccccc1)N[C@@H](Cc1ccc(OCCn2c3ccccc3c3ccccc32)cc1)C(=O)O,Full Agonist,1.4
CHEMBL393623,COC(=O)[C@H](Cc1ccc(OCCn2c3ccccc3c3ccccc32)cc1)N/C(C)=C\C(=O)c1ccccc1,Full Agonist,1.2
CHEMBL144489,CCO[C@@H](Cc1ccc(OC/C=C(\C)c2ccc(-c3ccccc3)cc2)cc1)C(=O)O,Partial Agonist,158.0
CHEMBL121,CN(CCOc1ccc(CC2SC(=O)NC2=O)cc1)c1ccccn1,Partial Agonist,43.0
CHEMBL246486,CCO[C@@H](Cc1ccc(OC/C=C/c2cc(-c3ccc(C(C)(C)C)cc3)cc(-c3ccc(C(C)(C)C)cc3)c2)cc1)C(=O)O,Partial Agonist,110.0
CHEMBL247314,CCO[C@@H](Cc1ccc(OC/C=C/c2cc(CCc3ccccc3)cc(CCc3ccccc3)c2)cc1)C(=O)O,Partial Agonist,118.0
CHEMBL247111,CCO[C@@H](Cc1ccc(OC/C=C/c2cc(/C=C/c3ccccc3)cc(/C=C/c3ccccc3)c2)cc1)C(=O)O,Partial Agonist,66.0
CHEMBL247110,CCO[C@@H](Cc1ccc(OC/C=C/c2cc(C#Cc3ccccc3)cc(C#Cc3ccccc3)c2)cc1)C(=O)O,Partial Agonist,108.0
CHEMBL246485,CCO[C@@H](Cc1ccc(OC/C=C/c2cc(OC(=O)c3ccccc3)cc(OC(=O)c3ccccc3)c2)cc1)C(=O)O,Partial Agonist,121.0
CHEMBL246279,CCO[C@@H](Cc1ccc(OC/C=C/c2cc(-c3ccccc3)cc(-c3ccccc3)c2)cc1)C(=O)O,Partial Agonist,30.0
CHEMBL396154,CCO[C@@H](Cc1ccc(OC/C=C/c2cc(OC(C)C)cc(OC(C)C)c2)cc1)C(=O)O,Partial Agonist,207.0
CHEMBL248318,CCO[C@@H](Cc1ccc(OC/C=C/c2cc(OCC(F)(F)F)cc(OCC(F)(F)F)c2)cc1)C(=O)O,Partial Agonist,149.0
CHEMBL248113,CCOc1cc(/C=C/COc2ccc(C[C@H](OCC)C(=O)O)cc2)cc(OCC)c1,Partial Agonist,197.0
CHEMBL397331,CCO[C@@H](Cc1ccc(OC/C=C/c2cc(OC)cc(OC)c2)cc1)C(=O)O,Partial Agonist,186.0
CHEMBL248112,CCO[C@@H](Cc1ccc(OC/C=C/c2cc(C(F)(F)F)cc(C(F)(F)F)c2)cc1)C(=O)O,Partial Agonist,195.0
CHEMBL245454,CCO[C@@H](Cc1ccc(OC/C=C/c2cc(Br)cc(Br)c2)cc1)C(=O)O,Partial Agonist,121.0
CHEMBL178296,CCO[C@@H](Cc1ccc(OC/C=C/c2ccccc2)cc1)C(=O)O,Partial Agonist,169.0
CHEMBL247937,CCO[C@@H](Cc1ccc(OC/C=C/c2cc(OC3CCCC3)cc(OC3CCCC3)c2)cc1)C(=O)O,Partial Agonist,135.0
CHEMBL250673,Cc1cc(Sc2cc(C#CCN3CCOCC3)nc(C#Cc3ccc(C(F)(F)F)cc3)c2)ccc1OCC(=O)O,Partial Agonist,50.0
CHEMBL38943,Cc1cc(SCc2sc(-c3ccc(C(F)(F)F)cc3)nc2C)ccc1OCC(=O)O,Partial Agonist,68.0
CHEMBL121,CN(CCOc1ccc(CC2SC(=O)NC2=O)cc1)c1ccccn1,Partial Agonist,24.0
CHEMBL400300,O=C(O)COc1ccc(Sc2cc(C#CCN3CCOCC3)nc(C#Cc3ccc(C(F)(F)F)cc3)c2)c2c1CCC2,Partial Agonist,10.0
CHEMBL246200,Cc1oc(-c2ccccc2)nc1CCOc1ccc2c(c1)CCC[C@H]2CC(=O)O,Partial Agonist,58.0
CHEMBL246201,Cc1oc(-c2ccccc2)nc1CCOc1ccc2c(c1)OCC2CC(=O)O,Partial Agonist,15.0
CHEMBL248259,Cc1oc(-c2ccccc2)nc1CCOc1ccc2c(c1)CC(C)C2CC(=O)O,Partial Agonist,11.0
CHEMBL400507,Cc1oc(-c2ccccc2)nc1CCOc1ccc2c(c1)C(C)(C)CC2CC(=O)O,Full Agonist,7.5
CHEMBL402100,Cc1nc(-c2ccc(C(F)(F)F)cc2)sc1C(=O)NCc1ccc(NC(=O)C(F)(F)F)cc1,Partial Agonist,79.0
CHEMBL404467,Cc1ccc(S(=O)(=O)Nc2ccc(CNC(=O)c3sc(-c4ccc(C(F)(F)F)cc4)nc3C)cc2)cc1,Full Agonist,1.0
CHEMBL253109,CCCCS(=O)(=O)Nc1ccc(CNC(=O)c2sc(-c3ccc(C(F)(F)F)cc3)nc2C)cc1,Partial Agonist,125.0
CHEMBL254946,Cc1nc(-c2ccc(C(F)(F)F)cc2)sc1C(=O)NCc1ccc(NS(=O)(=O)C(C)C)cc1,Partial Agonist,87.0
CHEMBL254744,Cc1nc(-c2ccc(C(F)(F)F)cc2)sc1C(=O)NCc1ccc(NS(C)(=O)=O)cc1,Partial Agonist,100.0
CHEMBL403637,Cc1csc(-c2ccc(C(=O)NCc3ccc(NS(=O)(=O)C(F)(F)F)cc3)cc2)n1,Partial Agonist,121.0
CHEMBL253310,Cc1nc(-c2ccc(C(F)(F)F)cc2)sc1C(=O)NCc1ccc(NS(=O)(=O)C(F)(F)F)cc1,Partial Agonist,115.0
CHEMBL253520,Cc1nc(-c2ccc(C(F)(F)F)cc2)sc1C(=O)NCc1ccc(CNS(=O)(=O)C(F)(F)F)cc1,Partial Agonist,114.0
CHEMBL427890,Cc1nc(-c2ccc(C(F)(F)F)cc2)sc1C(=O)NCc1ccc(NS(=O)(=O)CC(F)(F)F)cc1,Partial Agonist,72.0
CHEMBL438346,COc1ccc2sc(C(=O)NCc3ccc(NS(=O)(=O)C(F)(F)F)cc3)cc2c1,Partial Agonist,94.0
CHEMBL253924,CC(C)(Oc1ccc(CNC(=O)Cc2ccc(-c3ccc(Cl)cc3)cc2)cc1)C(=O)O,Partial Agonist,97.0
CHEMBL253490,COCc1nc(-c2ccc(C(=O)NCc3ccc(OC(C)(C)C(=O)O)cc3)cc2)no1,Partial Agonist,135.0
CHEMBL401562,COCc1nc(-c2ccc(C(=O)NCc3ccc(NS(=O)(=O)C(F)(F)F)cc3)cc2)no1,Partial Agonist,102.0
CHEMBL401560,CC(C)(Oc1ccc(CNC(=O)c2ccc(-c3ccc(C#N)cc3)cc2)cc1)C(=O)O,Partial Agonist,133.0
CHEMBL252675,O=C(NCc1ccc(NS(=O)(=O)C(F)(F)F)cc1)c1ccc(-c2ccc(Cl)cc2)cc1,Partial Agonist,138.0
CHEMBL253923,O=C(Cc1ccc(-c2ccc(Cl)cc2)cc1)NCc1ccc(NS(=O)(=O)C(F)(F)F)cc1,Partial Agonist,120.0
CHEMBL253486,N#Cc1ccc(-c2ccc(C(=O)NCc3ccc(NS(=O)(=O)C(F)(F)F)cc3)cc2)cc1,Partial Agonist,133.0
CHEMBL403909,CC(C)(Oc1ccc(CNC(=O)c2ccc(-c3ccc(Cl)cc3)cc2)cc1)C(=O)O,Partial Agonist,134.0
CHEMBL253522,Cc1csc(-c2ccc(C(=O)NCc3ccc(OC(C)(C)C(=O)O)cc3)cc2)n1,Partial Agonist,107.0
CHEMBL219586,Cc1nc(-c2ccc(C(F)(F)F)cc2)sc1C(=O)NCc1ccc(OC(C)(C)C(=O)O)cc1,Partial Agonist,95.0
CHEMBL401580,COc1ccc2sc(C(=O)NCc3ccc(OC(C)(C)C(=O)O)cc3)cc2c1,Partial Agonist,133.0
CHEMBL410030,Cc1ccc(-c2nc(CCCC[C@H]3CO[C@@](C)(C(=O)O)OC3)c(C)n2C)cc1,Full Agonist,6.0
CHEMBL255971,Cc1oc(-c2ccccc2)nc1CCC[C@H]1CO[C@@](C)(C(=O)O)OC1,Full Agonist,8.0
CHEMBL401983,Cc1oc(-c2ccccc2)nc1CCCC[C@H]1CO[C@@H](C(=O)O)OC1,Full Agonist,8.0
CHEMBL402186,Cc1oc(-c2ccccc2)nc1Cc1ccc([C@H]2CO[C@@](C)(C(=O)O)OC2)cc1,Full Agonist,5.0
CHEMBL186179,COc1ccc(OC(=O)N(CC(=O)O)Cc2ccc(OCCc3nc(-c4ccccc4)oc3C)cc2)cc1,Partial Agonist,139.0
CHEMBL256142,CCCOC(=O)N1C=C(Cc2cccc(OCCc3nc(-c4ccccc4)oc3C)c2)C(C(=O)O)CC1,Partial Agonist,150.0
CHEMBL401534,Cc1oc(-c2ccccc2)nc1CCOc1cccc(CC2=CN(C(=O)OCc3ccccc3)CCC2C(=O)O)c1,Partial Agonist,118.0
CHEMBL255872,Cc1oc(-c2ccccc2)nc1CCOc1cccc(CC2=CN(c3nccc(C(F)(F)F)n3)CCC2C(=O)O)c1,Partial Agonist,100.0
CHEMBL256358,Cc1oc(-c2ccccc2)nc1CCOc1cccc(CC2=CN(C(=O)OCC(C)C)CCC2C(=O)O)c1,Partial Agonist,132.0
CHEMBL256569,CCCOC(=O)N1CCC(C(=O)O)=C(Cc2cccc(OCCc3nc(-c4ccccc4)oc3C)c2)C1,Partial Agonist,87.0
CHEMBL255271,Cc1oc(-c2ccccc2)nc1CCOc1cccc(CC2=C(C(=O)O)CCN(c3nccc(C(F)(F)F)n3)C2)c1,Partial Agonist,65.0
CHEMBL445942,Cc1oc(-c2ccccc2)nc1CCOc1cccc(C2CN(C(=O)Oc3ccccc3)CCC2CC(=O)O)c1,Partial Agonist,29.0
CHEMBL255097,Cc1oc(-c2ccccc2)nc1CCOc1cccc(C2CN(C(=O)OCC(C)C)CCC2CC(=O)O)c1,Partial Agonist,75.0
CHEMBL255309,Cc1oc(-c2ccccc2)nc1CCOc1cccc(C2=C(CC(=O)O)CCN(C(=O)Oc3ccccc3)C2)c1,Partial Agonist,110.0
CHEMBL403432,Cc1oc(-c2ccccc2)nc1CCOc1cccc(C2=C(CC(=O)O)CCN(C(=O)OCC(C)C)C2)c1,Partial Agonist,116.0
CHEMBL258212,Cc1oc(-c2ccccc2)nc1CCOc1cccc(CC2CN(C(=O)OCC(C)C)CCC2C(=O)O)c1,Partial Agonist,58.0
CHEMBL257164,Cc1oc(-c2ccccc2)nc1CCOc1ccc(CCC2CN(C(=O)OCC(C)C)CCC2C(=O)O)cc1,Partial Agonist,79.0
CHEMBL257165,Cc1oc(-c2ccccc2)nc1CCOc1ccc(CC2CN(C(=O)OCC(C)C)CCC2C(=O)O)cc1,Partial Agonist,82.0
CHEMBL256134,Cc1oc(-c2ccccc2)nc1CCOc1cccc(CC2=C(C(=O)O)CCN(C(=O)OCC(C)C)C2)c1,Partial Agonist,37.0
CHEMBL257345,Cc1oc(-c2ccccc2)nc1CCOc1ccc(CCC2=C(C(=O)O)CCN(C(=O)OCC(C)C)C2)cc1,Partial Agonist,95.0
CHEMBL257180,Cc1oc(-c2ccccc2)nc1CCOc1ccc(CC2=C(C(=O)O)CCN(C(=O)OCC(C)C)C2)cc1,Partial Agonist,52.0
CHEMBL255251,Cc1oc(-c2ccccc2)nc1CCOc1ccc(C2=C(C(=O)O)CCN(C(=O)OCC(C)C)C2)cc1,Full Agonist,6.0
CHEMBL121,CN(CCOc1ccc(CC2SC(=O)NC2=O)cc1)c1ccccn1,Partial Agonist,23.0
CHEMBL121,CN(CCOc1ccc(CC2SC(=O)NC2=O)cc1)c1ccccn1,Partial Agonist,21.0
CHEMBL516129,Cc1oc(-c2ccccc2)nc1CN(C)Cc1ccc(C[C@@H](C(=O)O)n2cccc2)cc1,Partial Agonist,72.0
CHEMBL477323,Cc1oc(-c2ccccc2)nc1CCNc1ccc(C[C@@H](C(=O)O)n2cccc2)cc1,Partial Agonist,39.0
CHEMBL515972,CN(CCCc1ccc(C[C@@H](C(=O)O)n2cccc2)cc1)c1ccccn1,Partial Agonist,19.0
CHEMBL477318,Cc1oc(-c2ccccc2)nc1CCCc1ccc(CC(C(=O)O)c2ccccc2)cc1,Partial Agonist,28.0
CHEMBL477298,Cc1oc(-c2ccccc2)nc1CCCc1ccc(CC(C(=O)O)c2cccc(-c3ccccc3)c2)cc1,Partial Agonist,74.0
CHEMBL515181,Cc1oc(-c2ccccc2)nc1CCCc1ccc(CC(C(=O)O)c2cccnc2)cc1,Partial Agonist,27.0
CHEMBL478334,Cc1oc(-c2ccccc2)nc1CCCc1ccc(C[C@H](C(=O)O)n2cccc2)cc1,Partial Agonist,28.0
CHEMBL477095,Cc1oc(-c2ccccc2)nc1CCCc1ccc(C[C@@H](C(=O)O)n2cccc2)cc1,Partial Agonist,52.0
CHEMBL477094,Cc1oc(-c2ccccc2)nc1C/C=C/c1ccc(C[C@H](C(=O)O)n2cccc2)cc1,Partial Agonist,19.0
CHEMBL479002,Cc1oc(-c2ccccc2)nc1C/C=C/c1ccc(C[C@@H](C(=O)O)n2cccc2)cc1,Partial Agonist,44.0
CHEMBL479001,CN(C/C=C/c1ccc(C[C@@H](C(=O)O)n2cccc2)cc1)c1ccccn1,Partial Agonist,26.0
CHEMBL476897,Cc1oc(-c2ccccc2)nc1CC#Cc1ccc(CC(C(=O)O)c2cccc(-c3ccccc3)c2)cc1,Partial Agonist,66.0
CHEMBL476896,Cc1oc(-c2ccccc2)nc1CC#Cc1ccc(CC(C(=O)O)c2ccc(-c3ccccc3)cc2)cc1,Partial Agonist,14.0
CHEMBL478726,Cc1oc(-c2ccccc2)nc1CC#Cc1ccc(CC(C(=O)O)c2cccnc2)cc1,Partial Agonist,16.0
CHEMBL478725,Cc1oc(-c2ccccc2)nc1CC#Cc1ccc(C[C@@H](C(=O)O)n2cccc2)cc1,Partial Agonist,50.0
CHEMBL104850,Cc1oc(-c2ccccc2)nc1CCOc1ccc(C[C@@H](C(=O)O)n2cccc2)cc1,Partial Agonist,64.0
CHEMBL491039,CCn1c(SCC(=O)Nc2ccc(C(=O)O)cc2)nnc1-c1cc2cccc(OC)c2o1,Partial Agonist,15.0
CHEMBL491237,O=C(O)c1ccc(COc2ccc3ccccc3c2/C=N/c2ccc(N3CCOCC3)cc2)cc1,Partial Agonist,15.0
CHEMBL489597,CCOC(=O)C[C@H](C)NC(=O)c1csc(C2CCN(C(=O)c3c(F)cccc3Cl)CC2)n1,Partial Agonist,20.0
CHEMBL487087,CCOC(=O)N1CCc2c(sc(NC(=O)Cc3ccc(OC)cc3)c2C(=O)Nc2ccc(C(=O)OC)cc2)C1,Partial Agonist,40.0
CHEMBL460072,COc1ccc(C(=O)c2c(C)n(Cc3ccc(F)c(O[C@@H](C)C(=O)O)c3)c3nc(OC)ccc23)cc1,Partial Agonist,489.0
CHEMBL519032,COC(Cc1ccc(OCCc2nc(-c3ccccc3)oc2C)c2ccsc12)C(=O)O,Partial Agonist,168.0
CHEMBL485537,CCOC(Cc1ccc(OCCc2nc(-c3ccccc3)oc2C)c2ccsc12)C(=O)O,Partial Agonist,164.0
CHEMBL521462,CCCOC(Cc1ccc(OCCc2nc(-c3ccccc3)oc2C)c2ccsc12)C(=O)O,Partial Agonist,123.0
CHEMBL483341,Cc1oc(-c2ccccc2)nc1CCOc1ccc(CC(OCC(C)C)C(=O)O)c2sccc12,Partial Agonist,181.0
CHEMBL482740,CCCCCCOC(Cc1ccc(OCCc2nc(-c3ccccc3)oc2C)c2ccsc12)C(=O)O,Partial Agonist,115.0
CHEMBL519802,COc1ccccc1-c1nc(CCOc2ccc(CC(OC)C(=O)O)c3sccc23)c(C)o1,Partial Agonist,101.0
CHEMBL521131,COC(Cc1ccc(OCCc2nc(-c3ccccc3)oc2C)c2ccccc12)C(=O)O,Partial Agonist,159.0
CHEMBL519974,CCCOC(Cc1ccc(OCCc2nc(-c3ccccc3)oc2C)c2ccccc12)C(=O)O,Partial Agonist,56.0
CHEMBL483351,COC(Cc1ccc(OCCc2nc(-c3ccccc3C)oc2C)c2ccccc12)C(=O)O,Partial Agonist,114.0
CHEMBL519504,CO[C@@H](Cc1ccc(OCCc2nc(-c3ccccc3)oc2C)c2ccsc12)C(=O)O,Partial Agonist,156.0
CHEMBL484137,CO[C@@H](Cc1ccc(OCCc2nc(-c3ccc(C(F)(F)F)cc3)oc2C)c2ccsc12)C(=O)O,Partial Agonist,109.0
CHEMBL484409,CO[C@@H](Cc1ccc(OCCc2nc(-c3ccc(C(C)C)cc3)oc2C)c2ccsc12)C(=O)O,Partial Agonist,151.0
CHEMBL521007,COc1cc(OC)cc(-c2nc(CCOc3ccc(C[C@H](OC)C(=O)O)c4sccc34)c(C)o2)c1,Partial Agonist,196.0
CHEMBL484962,CCO[C@@H](Cc1ccc(OCCc2nc(-c3ccccc3)oc2C)c2ccsc12)C(=O)O,Partial Agonist,109.0
CHEMBL484606,CCCO[C@@H](Cc1ccc(OCCc2nc(-c3ccccc3)oc2C)c2ccsc12)C(=O)O,Partial Agonist,204.0
CHEMBL484607,Cc1oc(-c2ccccc2)nc1CCOc1ccc(C[C@H](OCC(F)(F)F)C(=O)O)c2sccc12,Partial Agonist,179.0
CHEMBL484000,CCO[C@@H](Cc1ccc(OCCc2nc(-c3ccc(C(F)(F)F)cc3)oc2C)c2ccsc12)C(=O)O,Partial Agonist,43.0
CHEMBL484001,Cc1oc(-c2ccccc2)nc1CCOc1ccc(C[C@H](OCC2CC2)C(=O)O)c2sccc12,Partial Agonist,108.0
CHEMBL485187,CCO[C@@H](Cc1ccc(OCCc2nc(-c3ccc(-c4ccccc4)cc3)oc2C)c2ccsc12)C(=O)O,Partial Agonist,92.0
CHEMBL485188,Cc1oc(-c2ccc(C(C)C)cc2)nc1CCOc1ccc(C[C@H](OCC2CC2)C(=O)O)c2sccc12,Partial Agonist,122.0
CHEMBL519153,CCO[C@H](Cc1ccc(OCCc2nc(-c3ccccc3)oc2C)c2ccsc12)C(=O)O,Partial Agonist,73.0
CHEMBL482993,CO[C@H](Cc1ccc(OCCc2nc(-c3ccccc3)oc2C)c2ccsc12)C(=O)O,Partial Agonist,109.0
CHEMBL484725,CCO[C@@H](Cc1ccc(OCCc2nc(-c3ccccc3)oc2C)c2ccccc12)C(=O)O,Partial Agonist,78.0
CHEMBL521170,CCO[C@@H](Cc1ccc(OCCc2nc(-c3ccc(C(F)(F)F)cc3)oc2C)c2ccccc12)C(=O)O,Partial Agonist,135.0
CHEMBL508299,Cc1oc(-c2ccc(-c3ccccc3)cc2)nc1CCOc1ccc(C[C@H](OCC(F)(F)F)C(=O)O)c2ccccc12,Partial Agonist,79.0
CHEMBL484329,CO[C@H](Cc1ccc(OCCc2nc(-c3ccccc3)oc2C)c2ccccc12)C(=O)O,Partial Agonist,92.0
CHEMBL484330,CO[C@@H](Cc1ccc(OCCc2nc(-c3ccccc3)oc2C)c2sccc12)C(=O)O,Partial Agonist,174.0
CHEMBL519351,CCO[C@@H](Cc1ccc(OCCc2nc(-c3ccccc3)oc2C)c2sccc12)C(=O)O,Partial Agonist,89.0
CHEMBL474295,CC(=O)c1ccccc1N[C@@H](Cc1ccc(OCCc2nc(-c3ccccc3)oc2C)cc1)C(=O)O,Partial Agonist,100.0
CHEMBL981,CC(C)(Oc1ccc(C(=O)c2ccc(Cl)cc2)cc1)C(=O)O,Partial Agonist,11.0
CHEMBL490029,CC[C@@H](Oc1cccc(-n2c(C)c(C(=O)c3ccc(OC)cc3)c3ccc(OC(F)(F)F)cc32)c1)C(=O)O,Partial Agonist,33.0
CHEMBL121,CN(CCOc1ccc(CC2SC(=O)NC2=O)cc1)c1ccccn1,Full Agonist,1.0
CHEMBL555484,CO/N=C(\c1ccccc1)c1ccc2c(c1)C(C)(C)CCN2CCOc1ccc(C[C@H](Nc2ccccc2C(=O)c2ccccc2)C(=O)O)cc1,Partial Agonist,11.0
CHEMBL554562,CO/N=C(\c1ccccc1)c1ccc2c(c1)C(C)(C)CCN2CCOc1ccc(C[C@H](OCC(F)(F)F)C(=O)O)cc1,Partial Agonist,50.0
CHEMBL537921,CCO[C@@H](Cc1ccc(OCCN2CCC(C)(C)c3cc(/C(=N/OCC4CC4)c4ccccc4)ccc32)cc1)C(=O)O,Partial Agonist,145.0
CHEMBL556643,CCO[C@@H](Cc1ccc(OCCN2CCC(C)(C)c3cc(/C(=N/OCc4ccccc4)c4ccccc4)ccc32)cc1)C(=O)O,Partial Agonist,137.0
CHEMBL562659,C=CCO/N=C(\c1ccccc1)c1ccc2c(c1)C(C)(C)CCN2CCOc1ccc(C[C@H](OCC)C(=O)O)cc1,Partial Agonist,152.0
CHEMBL565198,CCO[C@@H](Cc1ccc(OCCN2CCC(C)(C)c3cc(/C(=N/OC)c4ccccc4)ccc32)cc1)C(=O)O,Partial Agonist,63.0
CHEMBL552347,CCCCC(Sc1ccc(OCCCOc2ccccc2)cc1)C(=O)O,Partial Agonist,76.0
CHEMBL549723,CCCCC(Sc1ccc(OCCCOc2ccccc2C)cc1)C(=O)O,Partial Agonist,64.0
CHEMBL560484,CCCCC(Sc1ccc(OCCCOc2cccc(C)c2)cc1)C(=O)O,Partial Agonist,80.0
CHEMBL557342,CCCCC(Sc1ccc(OCCCOc2ccc(C)cc2)cc1)C(=O)O,Partial Agonist,91.0
CHEMBL561544,CCCCC(Sc1ccc(OCCCOc2ccc(C)c(C)c2)cc1)C(=O)O,Partial Agonist,72.0
CHEMBL558141,CCCCC(Sc1ccc(OCCCOc2cccc(C)c2C)cc1)C(=O)O,Partial Agonist,113.0
CHEMBL551479,CCCC[C@@H](Sc1ccc(OCCCOc2cccc(C)c2C)cc1)C(=O)O,Partial Agonist,115.0
CHEMBL551480,CCCC[C@H](Sc1ccc(OCCCOc2cccc(C)c2C)cc1)C(=O)O,Partial Agonist,94.0
CHEMBL558072,CCCCC(Sc1ccc(OCCCOc2cccc3c2CCCC3)cc1)C(=O)O,Partial Agonist,101.0
CHEMBL560205,CCCCC(Sc1ccc(OCCCOc2ccccc2OC)cc1)C(=O)O,Partial Agonist,92.0
CHEMBL550332,CCCCC(Sc1ccc(OCCCOc2cccc(OC)c2)cc1)C(=O)O,Partial Agonist,85.0
CHEMBL561284,CCCCC(Sc1ccc(OCCCOc2ccccc2C(C)C)cc1)C(=O)O,Partial Agonist,89.0
CHEMBL563546,CCCCC(Sc1ccc(OCCCOc2cccc(C(C)C)c2)cc1)C(=O)O,Partial Agonist,98.0
CHEMBL564017,CCCCC(Sc1ccc(OCCCOc2cccc(C(F)(F)F)c2)cc1)C(=O)O,Partial Agonist,75.0
CHEMBL551884,CCCCC(Sc1ccc(OCCCOc2ccc(Cl)c(C(F)(F)F)c2)cc1)C(=O)O,Partial Agonist,65.0
CHEMBL563351,CCCCC(Sc1ccc(OCCCOc2ccc(-c3ccccc3)cc2)cc1)C(=O)O,Partial Agonist,125.0
CHEMBL551420,CCCCC(Sc1ccc(OCCCOc2ccc3ncccc3c2)cc1)C(=O)O,Partial Agonist,95.0
CHEMBL562786,Cc1cccc(OCCCOc2ccc(SCC(=O)O)cc2)c1C,Partial Agonist,81.0
CHEMBL561006,Cc1cccc(OCCCOc2ccc(CCC(=O)O)cc2)c1C,Partial Agonist,63.0
CHEMBL559752,CCCCC(Cc1ccc(OCCCOc2cccc(C)c2C)cc1)C(=O)O,Partial Agonist,73.0
CHEMBL571763,CCCc1nc2c(C)cc(-c3nc4ccccc4n3C)cc2n1CCOc1ccc(CC(C)(Oc2ccccc2)C(=O)OCC)cc1,Partial Agonist,15.0
CHEMBL584704,CCCc1nc2c(C)cccc2n1CCOc1ccc(CC(C)(Oc2ccccc2)C(=O)OCC)cc1,Partial Agonist,93.0
CHEMBL590341,C/C(=N\OCCCCO/N=C(/CCC(=O)O)c1ccccc1)c1ccccc1,Partial Agonist,46.0
CHEMBL591055,C/C(=N\OCCCCO/N=C(/CCC(=O)O)c1ccccc1)c1ccc(F)cc1,Partial Agonist,101.0
CHEMBL606462,C/C(=N\OCCCCO/N=C(/CCC(=O)O)c1ccccc1)c1ccc(C)cc1,Partial Agonist,78.0
CHEMBL591533,COc1ccc(/C(C)=N/OCCCCO/N=C(/CCC(=O)O)c2ccccc2)cc1,Partial Agonist,102.0
CHEMBL591534,C/C(=N\OCCCCO/N=C(/CCC(=O)O)c1ccccc1)c1ccc(C(F)(F)F)cc1,Partial Agonist,79.0
CHEMBL591539,C/C(=N\OCCCCO/N=C(/CCC(=O)O)c1ccccc1)c1ccc(S(C)(=O)=O)cc1,Partial Agonist,41.0
CHEMBL591347,CCCCc1cccc(/C(C)=N/OCCCCO/N=C(/CCC(=O)O)c2ccccc2)c1,Partial Agonist,85.0
CHEMBL591348,C/C(=N\OCCCCO/N=C(/CCC(=O)O)c1ccccc1)c1cccc(-c2ccccc2)c1,Partial Agonist,83.0
CHEMBL589256,C/C(=N\OCCCCO/N=C(/CCC(=O)O)c1ccccc1)c1ccc2ccccc2c1,Partial Agonist,61.0
CHEMBL592234,C/C(=N\OCCCCO/N=C(/CCC(=O)O)c1ccccc1)c1ccc2c(c1)CCCC2,Partial Agonist,86.0
CHEMBL592235,COc1ccc(/C(C)=N/OCCCCO/N=C(/CCC(=O)O)c2ccccc2)cc1OC,Partial Agonist,136.0
CHEMBL592236,C/C(=N\OCCCCO/N=C(/CCC(=O)O)c1ccccc1)c1ccc(C)c(C)c1,Partial Agonist,89.0
CHEMBL603612,COc1cc(/C(C)=N/OCCCCO/N=C(/CCC(=O)O)c2ccccc2)ccc1C,Partial Agonist,257.0
CHEMBL589747,COc1cc(/C(C)=N/OCCCCO/N=C(/CCC(=O)O)c2ccccc2)ccc1F,Partial Agonist,122.0
CHEMBL592054,Cc1oc(-c2ccccc2)nc1COc1ccc(CO/N=C(\CCC(=O)O)c2ccccc2)cc1,Partial Agonist,116.0
CHEMBL601861,CCC(C(=O)Nc1ccc2c(c1)c(C)c(C)n2Cc1ccc(-c2ccccc2C(=O)O)cc1)c1ccccc1,Partial Agonist,45.0
CHEMBL602263,CCC(NC(=O)c1ccc2c(c1)cc(C)n2Cc1ccc(-c2ccccc2C(=O)O)cc1)c1ccccc1,Partial Agonist,114.0
CHEMBL1076843,C/C=C1/C(O[C@@H]2O[C@H](CO[C@@H]3O[C@H](CO)[C@@H](O)[C@H](O)[C@H]3O)[C@@H](O)[C@H](O)[C@H]2O)OC=C(C(=O)OC)[C@H]1CC(=O)OCCc1ccc(O)cc1,Partial Agonist,24.8
CHEMBL1076842,O=C(O)C1CN2C(N1)[C@H](O)[C@@H](O)[C@H](O)[C@H]2CO,Partial Agonist,21.0
CHEMBL1087778,C/C=C1\[C@H](O[C@@H]2O[C@H](CO)[C@@H](O)[C@H](O)[C@H]2O)OC=C(C(=O)OC)[C@H]1CC(=O)OC,Partial Agonist,27.9
CHEMBL1076818,C/C=C1\C(CC(=O)OC[C@H]2O[C@@H](OCCc3ccc(O)cc3)[C@H](O)[C@@H](O)[C@@H]2O)C(C(=O)OC)=CO[C@H]1O[C@@H]1O[C@H](CO)[C@@H](O)[C@H](O)[C@H]1O,Partial Agonist,12.2
CHEMBL295416,Cc1cccc(Nc2cc(Cl)nc(SCC(=O)O)n2)c1C,Partial Agonist,100.0
CHEMBL295416,Cc1cccc(Nc2cc(Cl)nc(SCC(=O)O)n2)c1C,Partial Agonist,62.8
CHEMBL295416,Cc1cccc(Nc2cc(Cl)nc(SCC(=O)O)n2)c1C,Partial Agonist,36.7
CHEMBL295416,Cc1cccc(Nc2cc(Cl)nc(SCC(=O)O)n2)c1C,Partial Agonist,17.3
CHEMBL295416,Cc1cccc(Nc2cc(Cl)nc(SCC(=O)O)n2)c1C,Partial Agonist,13.0
CHEMBL21241,CC(C)(Sc1ccc(CCN(CCCCC2CCCCC2)C(=O)NC2CCCCC2)cc1)C(=O)O,Partial Agonist,100.0
CHEMBL981,CC(C)(Oc1ccc(C(=O)c2ccc(Cl)cc2)cc1)C(=O)O,Partial Agonist,100.0
CHEMBL1760555,Cc1ccc(C(=O)c2nccn2C/C=C/c2cccc(OC(C)(C)C(=O)O)c2)cc1,Partial Agonist,56.0
CHEMBL1760556,Cc1ccc(C(=O)c2nc(C)c(C)n2C/C=C/c2cccc(OC(C)(C)C(=O)O)c2)cc1,Partial Agonist,60.0
CHEMBL1760557,Cc1ccc(C(=O)c2nc3c(n2C/C=C/c2cccc(OC(C)(C)C(=O)O)c2)CCCC3)cc1,Partial Agonist,60.0
CHEMBL1760558,Cc1ccc(C(=O)c2nc3ccccc3n2C/C=C/c2cccc(OC(C)(C)C(=O)O)c2)cc1,Partial Agonist,42.0
CHEMBL1760559,Cc1ccc(C(=O)c2nc3ccccc3n2/C=C/c2cccc(OC(C)(C)C(=O)O)c2)cc1,Partial Agonist,44.0
CHEMBL169,C[C@@H]1[C@H]2C3=CC[C@@H]4[C@@]5(C)CC[C@H](O)C(C)(C)[C@@H]5CC[C@@]4(C)[C@]3(C)CC[C@@]2(C(=O)O)CC[C@H]1C,Partial Agonist,214.0
CHEMBL169,C[C@@H]1[C@H]2C3=CC[C@@H]4[C@@]5(C)CC[C@H](O)C(C)(C)[C@@H]5CC[C@@]4(C)[C@]3(C)CC[C@@]2(C(=O)O)CC[C@H]1C,Partial Agonist,46.0
CHEMBL169,C[C@@H]1[C@H]2C3=CC[C@@H]4[C@@]5(C)CC[C@H](O)C(C)(C)[C@@H]5CC[C@@]4(C)[C@]3(C)CC[C@@]2(C(=O)O)CC[C@H]1C,Partial Agonist,185.0
CHEMBL169,C[C@@H]1[C@H]2C3=CC[C@@H]4[C@@]5(C)CC[C@H](O)C(C)(C)[C@@H]5CC[C@@]4(C)[C@]3(C)CC[C@@]2(C(=O)O)CC[C@H]1C,Partial Agonist,134.0
CHEMBL169,C[C@@H]1[C@H]2C3=CC[C@@H]4[C@@]5(C)CC[C@H](O)C(C)(C)[C@@H]5CC[C@@]4(C)[C@]3(C)CC[C@@]2(C(=O)O)CC[C@H]1C,Partial Agonist,156.0
CHEMBL169,C[C@@H]1[C@H]2C3=CC[C@@H]4[C@@]5(C)CC[C@H](O)C(C)(C)[C@@H]5CC[C@@]4(C)[C@]3(C)CC[C@@]2(C(=O)O)CC[C@H]1C,Partial Agonist,195.0
CHEMBL169,C[C@@H]1[C@H]2C3=CC[C@@H]4[C@@]5(C)CC[C@H](O)C(C)(C)[C@@H]5CC[C@@]4(C)[C@]3(C)CC[C@@]2(C(=O)O)CC[C@H]1C,Partial Agonist,1021.0
CHEMBL169,C[C@@H]1[C@H]2C3=CC[C@@H]4[C@@]5(C)CC[C@H](O)C(C)(C)[C@@H]5CC[C@@]4(C)[C@]3(C)CC[C@@]2(C(=O)O)CC[C@H]1C,Partial Agonist,23.0
CHEMBL169,C[C@@H]1[C@H]2C3=CC[C@@H]4[C@@]5(C)CC[C@H](O)C(C)(C)[C@@H]5CC[C@@]4(C)[C@]3(C)CC[C@@]2(C(=O)O)CC[C@H]1C,Partial Agonist,15.0
CHEMBL169,C[C@@H]1[C@H]2C3=CC[C@@H]4[C@@]5(C)CC[C@H](O)C(C)(C)[C@@H]5CC[C@@]4(C)[C@]3(C)CC[C@@]2(C(=O)O)CC[C@H]1C,Partial Agonist,28.0
CHEMBL169,C[C@@H]1[C@H]2C3=CC[C@@H]4[C@@]5(C)CC[C@H](O)C(C)(C)[C@@H]5CC[C@@]4(C)[C@]3(C)CC[C@@]2(C(=O)O)CC[C@H]1C,Partial Agonist,24.0
CHEMBL169,C[C@@H]1[C@H]2C3=CC[C@@H]4[C@@]5(C)CC[C@H](O)C(C)(C)[C@@H]5CC[C@@]4(C)[C@]3(C)CC[C@@]2(C(=O)O)CC[C@H]1C,Partial Agonist,259.0
CHEMBL1933842,CC(C)CCS(=O)(=O)NC(=O)/C=C/c1cc(OC(C)C)nn1Cc1ccc(C(F)(F)F)cc1Cl,Partial Agonist,48.0
CHEMBL1933843,COCCOc1cc(/C=C/C(=O)NS(=O)(=O)CCC(C)C)n(Cc2ccc(C(F)(F)F)cc2Cl)n1,Partial Agonist,47.0
CHEMBL2153834,CCCC(Sc1nc2ccc(OCC)cc2s1)C(=O)NS(C)(=O)=O,Partial Agonist,137.4
CHEMBL2153835,CCCC(Sc1nc2cc(Cl)ccc2s1)C(=O)NS(C)(=O)=O,Partial Agonist,80.9
CHEMBL2153837,CCCCC(Sc1nc2cc(Cl)ccc2s1)C(=O)NS(C)(=O)=O,Partial Agonist,116.7
CHEMBL2153839,CS(=O)(=O)NC(=O)C(Sc1nc2cc(Cl)ccc2s1)c1ccccc1,Partial Agonist,95.3
CHEMBL2153840,CC(C)(Oc1ccc(Cl)cc1)C(=O)NS(C)(=O)=O,Partial Agonist,121.2
CHEMBL2153841,CC(C)(Oc1ccc(C(=O)c2ccc(Cl)cc2)cc1)C(=O)NS(C)(=O)=O,Partial Agonist,128.5
CHEMBL2153843,Cc1ccc(C)c(OCCCC(C)(C)C(=O)NS(C)(=O)=O)c1,Partial Agonist,118.0
CHEMBL2180636,O=C(NCc1ccc(Cn2cccc2C(=O)O)cc1)Nc1ccc(OC(F)(F)F)cc1,Partial Agonist,67.0
CHEMBL2180635,O=C(NCc1cccc(Cn2cccc2C(=O)O)c1)Nc1ccc(OC(F)(F)F)cc1,Partial Agonist,58.0
CHEMBL2180634,O=C(NCc1ccccc1Cn1cccc1C(=O)O)Nc1ccc(OC(F)(F)F)cc1,Partial Agonist,38.0
CHEMBL2324493,CCCCCCCCCCCCCCCC(=O)N[C@H](CO)C(C)C,Full Agonist,2.0
CHEMBL2324495,CCCCCCCCCCCCCCCCCC(=O)N[C@H](CO)C(C)C,Full Agonist,0.0
CHEMBL2324494,CCCCCCCC/C=C/CCCCCCCC(=O)N[C@@H](CO)C(C)C,Full Agonist,0.0
CHEMBL2324496,CCCCCCCC/C=C/CCCCCCCC(=O)N[C@H](CO)C(C)C,Full Agonist,0.0
CHEMBL2324497,CCCCCCCC/C=C\CCCCCCCC(=O)N[C@@H](CO)C(C)C,Full Agonist,0.0
CHEMBL2324498,CCCCCCCC/C=C\CCCCCCCC(=O)N[C@H](CO)C(C)C,Full Agonist,2.0
CHEMBL39176,N[C@@H](Cc1c[nH]c2ccccc12)C(=O)N[C@@H](CCC(=O)O)C(=O)O,Partial Agonist,53.0
CHEMBL39176,N[C@@H](Cc1c[nH]c2ccccc12)C(=O)N[C@@H](CCC(=O)O)C(=O)O,Partial Agonist,62.0
CHEMBL21241,CC(C)(Sc1ccc(CCN(CCCCC2CCCCC2)C(=O)NC2CCCCC2)cc1)C(=O)O,Partial Agonist,98.0
CHEMBL3360190,C=C1CC/C=C/CC[C@@H]2[C@@H]1CC2(C)C,Partial Agonist,31.0
CHEMBL3360190,C=C1CC/C=C/CC[C@@H]2[C@@H]1CC2(C)C,Partial Agonist,16.8
CHEMBL3360190,C=C1CC/C=C/CC[C@@H]2[C@@H]1CC2(C)C,Partial Agonist,91.0
CHEMBL3360190,C=C1CC/C=C/CC[C@@H]2[C@@H]1CC2(C)C,Partial Agonist,115.0
CHEMBL3360190,C=C1CC/C=C/CC[C@@H]2[C@@H]1CC2(C)C,Partial Agonist,232.0
CHEMBL3360190,C=C1CC/C=C/CC[C@@H]2[C@@H]1CC2(C)C,Partial Agonist,432.0
CHEMBL3360190,C=C1CC/C=C/CC[C@@H]2[C@@H]1CC2(C)C,Partial Agonist,149.0
CHEMBL3360190,C=C1CC/C=C/CC[C@@H]2[C@@H]1CC2(C)C,Partial Agonist,295.0
CHEMBL3360190,C=C1CC/C=C/CC[C@@H]2[C@@H]1CC2(C)C,Partial Agonist,65.0
CHEMBL3360190,C=C1CC/C=C/CC[C@@H]2[C@@H]1CC2(C)C,Partial Agonist,33.0
CHEMBL3094431,CCCCCCC(Sc1nc(Cl)cc(Nc2nc(-c3ccc(Cl)cc3)cs2)n1)C(=O)O,Partial Agonist,57.0
CHEMBL3094432,CCCCC(Sc1nc(Cl)cc(Nc2nc(-c3ccc(Cl)cc3)cs2)n1)C(=O)O,Partial Agonist,57.0
CHEMBL3094433,CCC(Sc1nc(Cl)cc(Nc2nc(-c3ccc(Cl)cc3)cs2)n1)C(=O)O,Partial Agonist,51.0
CHEMBL3091499,CCCCCCC(Sc1nc(Cl)cc(Nc2nc(-c3ccc(C)cc3)cs2)n1)C(=O)O,Partial Agonist,125.0
CHEMBL3094415,CCCCCCC(Sc1nc(Cl)cc(Nc2nc(-c3ccc(F)c(F)c3)cs2)n1)C(=O)O,Partial Agonist,70.0
CHEMBL3094417,CCCCCCC(Sc1nc(Cl)cc(Nc2nc(-c3ccc([N+](=O)[O-])cc3)cs2)n1)C(=O)O,Partial Agonist,89.4
CHEMBL3094426,CCCCCCC(Sc1nc(Cl)cc(Nc2nc(-c3ccc(Br)cc3)c(C)s2)n1)C(=O)O,Partial Agonist,102.0
CHEMBL3094410,CCCCCCC(Sc1nc(Cl)cc(Nc2nc3c(s2)CCc2cc(OC)ccc2-3)n1)C(=O)O,Partial Agonist,229.4
CHEMBL3091496,O=C(O)CSc1nc(Cl)cc(Nc2nc(-c3ccc(Cl)cc3)cs2)n1,Partial Agonist,24.7
CHEMBL3094416,CCCCCCC(Sc1nc(Cl)cc(Nc2nc(-c3ccc(F)cc3F)cs2)n1)C(=O)O,Partial Agonist,18.0
CHEMBL3091498,CCCCCCC(Sc1nc(Cl)cc(Nc2nc(-c3ccccc3)cs2)n1)C(=O)O,Partial Agonist,55.36
CHEMBL3094412,CCCCCCC(Sc1nc(Cl)cc(Nc2nc(-c3ccc4ccccc4c3)cs2)n1)C(=O)O,Partial Agonist,37.0
CHEMBL3094425,CCCCCCC(Sc1nc(Cl)cc(Nc2nc(-c3ccccc3)c(C)s2)n1)C(=O)O,Partial Agonist,23.0
CHEMBL3094418,CCCCCCC(Sc1nc(Cl)cc(Nc2nc(-c3ccc4c(c3)CCCC4)cs2)n1)C(=O)O,Partial Agonist,52.94
CHEMBL3353021,CCCCC/C=C\C/C=C\CCCCCCCC(=O)O[C@H]1C2=C3CC[C@H]([C@H](C)/C=C/[C@H](C)C(C)C)[C@@]3(C)CC[C@@H]2[C@@]2(C)CC[C@H](O)C[C@@]23O[C@@H]13,Partial Agonist,345.6
CHEMBL3353020,CCCCCCCC/C=C\CCCCCCCC(=O)O[C@H]1C2=C3CC[C@H]([C@H](C)/C=C/[C@H](C)C(C)C)[C@@]3(C)CC[C@@H]2[C@@]2(C)CC[C@H](O)C[C@@]23O[C@@H]13,Partial Agonist,296.9
CHEMBL3353021,CCCCC/C=C\C/C=C\CCCCCCCC(=O)O[C@H]1C2=C3CC[C@H]([C@H](C)/C=C/[C@H](C)C(C)C)[C@@]3(C)CC[C@@H]2[C@@]2(C)CC[C@H](O)C[C@@]23O[C@@H]13,Partial Agonist,309.4
CHEMBL3353020,CCCCCCCC/C=C\CCCCCCCC(=O)O[C@H]1C2=C3CC[C@H]([C@H](C)/C=C/[C@H](C)C(C)C)[C@@]3(C)CC[C@@H]2[C@@]2(C)CC[C@H](O)C[C@@]23O[C@@H]13,Partial Agonist,289.0
CHEMBL3353020,CCCCCCCC/C=C\CCCCCCCC(=O)O[C@H]1C2=C3CC[C@H]([C@H](C)/C=C/[C@H](C)C(C)C)[C@@]3(C)CC[C@@H]2[C@@]2(C)CC[C@H](O)C[C@@]23O[C@@H]13,Partial Agonist,313.6
CHEMBL3353021,CCCCC/C=C\C/C=C\CCCCCCCC(=O)O[C@H]1C2=C3CC[C@H]([C@H](C)/C=C/[C@H](C)C(C)C)[C@@]3(C)CC[C@@H]2[C@@]2(C)CC[C@H](O)C[C@@]23O[C@@H]13,Partial Agonist,386.5
CHEMBL557555,CC(C)(Oc1ccc(C2CC2(Cl)Cl)cc1)C(=O)O,Partial Agonist,310.6
CHEMBL3596632,[2H]C([2H])([2H])N(C(=O)c1c(F)cccc1Cl)c1ccc(-c2cc(C(N)=O)ccc2Cl)cc1OCC(F)(F)F,Partial Agonist,50.0
CHEMBL316370,O=C1NC(=O)C(Cc2ccc(OCc3ccccc3)cc2)S1,Partial Agonist,34.9
CHEMBL3758549,O=C1NC(=O)C(Cc2ccc(OCc3cccc(Br)c3)cc2)S1,Partial Agonist,88.4
CHEMBL3759133,O=C1NC(=O)C(Cc2ccc(OCc3ccc(Br)cc3)cc2)S1,Partial Agonist,93.0
CHEMBL3759467,O=C1NC(=O)C(Cc2ccc(OCc3cccc(-c4ccccc4)c3)cc2)S1,Partial Agonist,34.9
CHEMBL3759922,Cc1ccccc1-c1cccc(COc2ccc(CC3SC(=O)NC3=O)cc2)c1,Partial Agonist,12.6
CHEMBL3759212,Cc1cccc(C)c1-c1cccc(COc2ccc(CC3SC(=O)NC3=O)cc2)c1,Full Agonist,8.1
CHEMBL3758553,O=C1NC(=O)C(Cc2ccc(OCc3cccc(-c4ccc(C(F)(F)F)cc4)c3)cc2)S1,Full Agonist,0.1
CHEMBL3758701,O=C1NC(=O)C(Cc2ccc(OCC[C@H](Oc3ccccc3)c3ccccc3)cc2)S1,Full Agonist,2.6
CHEMBL3758572,Cc1cccc(O[C@@H](CCOc2ccc(CC3SC(=O)NC3=O)cc2)c2ccccc2)c1,Full Agonist,8.1
CHEMBL3758596,Cc1ccc(O[C@@H](CCOc2ccc(CC3SC(=O)NC3=O)cc2)c2ccccc2)cc1,Full Agonist,9.1
CHEMBL3759866,COc1cccc(O[C@@H](CCOc2ccc(CC3SC(=O)NC3=O)cc2)c2ccccc2)c1,Partial Agonist,11.6
CHEMBL3759746,O=C1NC(=O)C(Cc2ccc(OCC[C@H](Oc3ccc(C(F)(F)F)cc3)c3ccccc3)cc2)S1,Full Agonist,2.6
CHEMBL3759913,O=C1NC(=O)C(Cc2ccc(OCC[C@H](Oc3ccc(Cl)cc3)c3ccccc3)cc2)S1,Full Agonist,5.3
CHEMBL3758719,O=C1NC(=O)C(Cc2ccc(OCC[C@H](Oc3ccc(Cl)cc3Cl)c3ccccc3)cc2)S1,Full Agonist,4.2
CHEMBL3758919,O=C1NC(=O)C(Cc2ccc(OCc3nc4ccccc4n3Cc3ccccc3)cc2)S1,Partial Agonist,67.4
CHEMBL3758197,CC(C)Cn1c(COc2ccc(CC3SC(=O)NC3=O)cc2)nc2ccccc21,Partial Agonist,55.8
CHEMBL3758885,C=CCn1c(COc2ccc(CC3SC(=O)NC3=O)cc2)nc2ccccc21,Partial Agonist,127.9
CHEMBL3759448,CC(C)n1c(COc2ccc(CC3SC(=O)NC3=O)cc2)nc2ccccc21,Partial Agonist,67.4
CHEMBL3758804,O=C1NC(=O)C(Cc2ccc(OCc3nc4ccccc4n3C3CCCC3)cc2)S1,Full Agonist,8.6
CHEMBL3764607,CCC(Cc1cccc(C(=O)NCc2ccccc2C(F)(F)F)c1)C(=O)O,Partial Agonist,34.0
CHEMBL3765160,CCOC(=O)C(CC)Cc1ccc(C(=O)NCc2ccccc2C)cc1,Partial Agonist,15.0
CHEMBL3763432,CCOC(=O)C(CC)Cc1ccc(C(=O)NCc2ccc(C(F)(F)F)cc2)cc1,Partial Agonist,22.0
CHEMBL3764792,CCOC(=O)C(CC)Cc1ccc(C(=O)NCc2ccc(OC)cc2C(F)(F)F)cc1,Partial Agonist,22.0
CHEMBL3764398,CCC(Cc1ccc(C(=O)NCc2ccc(OC)cc2C(F)(F)F)cc1)C(=O)O,Partial Agonist,29.0
CHEMBL3980898,CO[C@H]1C[C@H](Oc2cc(F)c(F)c(-c3ccc4c(c3)CC[C@H](CCC(=O)O)O4)n2)C1,Partial Agonist,10.0
CHEMBL3919973,O=C(O)CC1CCC2(CC1)CCN(c1cc(OC(F)(F)F)ccc1Cl)CC2,Partial Agonist,10.0
CHEMBL4092600,C[C@H](Oc1ccc(Cc2ccc(OCc3coc(-c4ccccc4)n3)cc2)cc1)C(=O)O,Partial Agonist,30.0
CHEMBL4073499,C[C@@H](Oc1ccc(Cc2ccc(OCc3coc(-c4ccccc4)n3)cc2)cc1)C(=O)O,Partial Agonist,30.0
CHEMBL4100336,Cc1oc(-c2ccccc2)nc1COc1ccc(Cc2ccc(OC(C)C(=O)O)cc2)cc1,Partial Agonist,30.0
CHEMBL295416,Cc1cccc(Nc2cc(Cl)nc(SCC(=O)O)n2)c1C,Partial Agonist,30.0
CHEMBL4074391,O=C(O)CCc1cc2cc(Cl)ccc2n1S(=O)(=O)c1ccccc1,Full Agonist,5.0
CHEMBL4091374,O=C(O)CCCc1cc2cc(Cl)ccc2n1S(=O)(=O)c1ccc2ncsc2c1,Partial Agonist,44.0
CHEMBL4091374,O=C(O)CCCc1cc2cc(Cl)ccc2n1S(=O)(=O)c1ccc2ncsc2c1,Partial Agonist,79.0
CHEMBL4074391,O=C(O)CCc1cc2cc(Cl)ccc2n1S(=O)(=O)c1ccccc1,Partial Agonist,45.0
CHEMBL4091374,O=C(O)CCCc1cc2cc(Cl)ccc2n1S(=O)(=O)c1ccc2ncsc2c1,Partial Agonist,113.0
CHEMBL4074391,O=C(O)CCc1cc2cc(Cl)ccc2n1S(=O)(=O)c1ccccc1,Partial Agonist,96.0
CHEMBL4091374,O=C(O)CCCc1cc2cc(Cl)ccc2n1S(=O)(=O)c1ccc2ncsc2c1,Partial Agonist,120.0
CHEMBL3719135,CC(C)n1nc(-c2cnc(N)c(OC(F)(F)F)c2)cc1[C@@H]1[C@H]2CN(C3COC3)C[C@H]21,Partial Agonist,50.0
CHEMBL3715238,Nc1ncc(-c2cc([C@@H]3[C@H]4CN(C5COC5)C[C@H]43)n(CC3CC3)n2)cc1C(F)(F)F,Partial Agonist,50.0
CHEMBL4460024,Cc1cc(Cc2onc3c2CCOc2cc(Br)ccc2-3)cc(C)c1OC(C)(C)C(=O)O,Partial Agonist,85.0
CHEMBL4483327,Cc1cc(Cc2noc3c2CCOc2cc(Br)ccc2-3)cc(C)c1OC(C)(C)C(=O)O,Partial Agonist,50.0
CHEMBL4566817,Cc1cc(Cc2cnoc2-c2ccc(Br)cc2)cc(C)c1OC(C)(C)C(=O)O,Partial Agonist,78.0
CHEMBL4436335,Cc1cc(CCc2cc(-c3ccc(Br)cc3)on2)cc(C)c1OC(C)(C)C(=O)O,Partial Agonist,134.0
CHEMBL4470753,Cc1cc(Cc2cc(-c3ccc(Br)cc3)on2)cc(C)c1OC(C)(C)C(=O)O,Partial Agonist,92.0
CHEMBL4516239,Cc1cc(Cc2cc(-c3ccccc3)on2)cc(C)c1OC(C)(C)C(=O)O,Partial Agonist,85.0
CHEMBL4587533,Cc1cc(-c2cc(-c3ccc(Br)cc3)on2)cc(C)c1OC(C)(C)C(=O)O,Full Agonist,5.0
CHEMBL3707395,CSc1ccc(C(=O)/C=C/c2cc(C)c(OC(C)(C)C(=O)O)c(C)c2)cc1,Partial Agonist,117.0
CHEMBL4797877,COc1ccc(OC)c(/C=C/C(=O)OCc2cc(=O)c(O)co2)c1,Partial Agonist,59.0
CHEMBL4743677,CCCCCCCCOc1ccc(C(=O)N[C@H](C(=O)O)C(C)C)cc1,Partial Agonist,75.6
CHEMBL264374,CC(C)(Oc1ccc(CCNC(=O)c2ccc(Cl)cc2)cc1)C(=O)O,Partial Agonist,35.4
CHEMBL592652,COC(=O)c1sccc1S(=O)(=O)Nc1ccc(Nc2ccccc2)cc1OC,Partial Agonist,12.4
CHEMBL38943,Cc1cc(SCc2sc(-c3ccc(C(F)(F)F)cc3)nc2C)ccc1OCC(=O)O,Partial Agonist,44.9
CHEMBL595,CCc1ccc(CCOc2ccc(CC3SC(=O)NC3=O)cc2)nc1,Full Agonist,3.5
CHEMBL4762480,O[C@@H]1CO[C@@H](Cn2cnc3c(NCc4cccc(I)c4)ncnc32)[C@@H]1O,Full Agonist,1.7
CHEMBL4777204,O[C@@H]1CO[C@@H](Cn2cnc3c(NCc4cccc(Br)c4)ncnc32)[C@@H]1O,Full Agonist,5.6
CHEMBL4758148,O[C@@H]1CO[C@@H](Cn2cnc3c(NCc4cccc(Cl)c4)ncnc32)[C@@H]1O,Full Agonist,8.3
CHEMBL4792439,O[C@@H]1CO[C@@H](Cn2cnc3c(NCc4cccc(F)c4)ncnc32)[C@@H]1O,Full Agonist,1.4
CHEMBL4758410,O[C@@H]1CO[C@@H](Cn2cnc3c(NCc4cccc(I)c4)nc(Cl)nc32)[C@@H]1O,Full Agonist,0.3
CHEMBL4748172,O[C@@H]1CO[C@@H](Cn2cnc3c(NCc4cccc(Br)c4)nc(Cl)nc32)[C@@H]1O,Partial Agonist,23.2
CHEMBL4799672,O[C@@H]1CO[C@@H](Cn2cnc3c(NCc4cccc(Cl)c4)nc(Cl)nc32)[C@@H]1O,Full Agonist,3.6
CHEMBL4792740,O[C@@H]1CO[C@@H](Cn2cnc3c(NCc4cccc(F)c4)nc(Cl)nc32)[C@@H]1O,Full Agonist,5.0
CHEMBL4740559,CC#Cc1nc(NCc2cccc(I)c2)c2ncn(C[C@@H]3SC[C@@H](O)[C@H]3O)c2n1,Partial Agonist,24.0
CHEMBL4760772,CC#Cc1nc(NCc2cccc(Br)c2)c2ncn(C[C@@H]3SC[C@@H](O)[C@H]3O)c2n1,Partial Agonist,12.8
CHEMBL4784529,CC#Cc1nc(NCc2cccc(Cl)c2)c2ncn(C[C@@H]3SC[C@@H](O)[C@H]3O)c2n1,Partial Agonist,12.6
CHEMBL4756797,CC#Cc1nc(NCc2cccc(F)c2)c2ncn(C[C@@H]3SC[C@@H](O)[C@H]3O)c2n1,Partial Agonist,15.5
CHEMBL1254589,O[C@@H]1CS[C@@H](Cn2cnc3c(NCc4cccc(I)c4)ncnc32)[C@@H]1O,Full Agonist,9.4
CHEMBL1254588,O[C@@H]1CS[C@@H](Cn2cnc3c(NCc4cccc(Br)c4)ncnc32)[C@@H]1O,Full Agonist,5.4
CHEMBL1254509,O[C@@H]1CS[C@@H](Cn2cnc3c(NCc4cccc(Cl)c4)ncnc32)[C@@H]1O,Full Agonist,7.7
CHEMBL1254508,O[C@@H]1CS[C@@H](Cn2cnc3c(NCc4cccc(F)c4)ncnc32)[C@@H]1O,Partial Agonist,25.6
CHEMBL1254751,O[C@@H]1CS[C@@H](Cn2cnc3c(NCc4cccc(I)c4)nc(Cl)nc32)[C@@H]1O,Partial Agonist,20.4
CHEMBL1254750,O[C@@H]1CS[C@@H](Cn2cnc3c(NCc4cccc(Br)c4)nc(Cl)nc32)[C@@H]1O,Full Agonist,3.0
CHEMBL1254668,O[C@@H]1CS[C@@H](Cn2cnc3c(NCc4cccc(Cl)c4)nc(Cl)nc32)[C@@H]1O,Partial Agonist,12.8
CHEMBL1254667,O[C@@H]1CS[C@@H](Cn2cnc3c(NCc4cccc(F)c4)nc(Cl)nc32)[C@@H]1O,Partial Agonist,15.5
CHEMBL413686,O[C@@H]1CS[C@@H](n2cnc3c(NCc4cccc(I)c4)nc(Cl)nc32)[C@@H]1O,Partial Agonist,35.6
CHEMBL4855847,O=C(O)CCc1nc(-c2ccccc2)c(-c2cc(C(F)(F)F)cc(C(F)(F)F)c2)o1,Full Agonist,3.0
CHEMBL4849999,O=C(O)CCc1cc(-c2cc(Cl)cc(Cl)c2)n(-c2ccc(Cl)cc2)n1,Full Agonist,6.0
CHEMBL4862605,O=C(O)CCCc1cc(-c2cc(Cl)cc(Cl)c2)n(-c2ccccc2)n1,Full Agonist,2.0
CHEMBL24038,CCO[C@@H](Cc1ccc(OCCN2c3ccccc3Oc3ccccc32)cc1)C(=O)O,Full Agonist,0.097
CHEMBL131329,O=C(O)Cc1ccc(OCCCN2C(=O)COc3ccsc32)cc1,Full Agonist,0.0005
CHEMBL341227,O=C(O)Cc1ccc(OCCN2C(=O)COc3ccsc32)cc1,Full Agonist,0.0050000004
CHEMBL130939,CCOC(Cc1ccc(OCCN2C(=O)COc3ccsc32)cc1)C(=O)O,Full Agonist,0.008
CHEMBL132390,O=C(O)Cc1cc(Br)c(OCCN2C(=O)COc3ccsc32)c(Br)c1,Full Agonist,0.002
CHEMBL129118,CCOC(Cc1cc(Br)c(OCCN2C(=O)COc3ccsc32)c(Br)c1)C(=O)O,Full Agonist,0.0050000004
CHEMBL340675,CCOC(Cc1ccc(OCCN2C(=O)COc3ccsc32)c(C)c1)C(=O)O,Full Agonist,0.0015
CHEMBL130919,O=C(O)Cc1ccc(OCCN2C(=O)COc3ccsc32)c(Br)c1,Full Agonist,0.0013
CHEMBL129741,CCOC(Cc1ccc(OCCN2C(=O)COc3ccsc32)c(Cl)c1)C(=O)O,Full Agonist,0.0025000002
CHEMBL130349,CCOC(Cc1ccc(OCCN2C(=O)COc3ccsc32)c(OC)c1)C(=O)O,Full Agonist,0.0005
CHEMBL422978,CCOC(Cc1ccc(OCCN2C(=O)COc3ccsc32)c(Br)c1)C(=O)O,Full Agonist,0.008
CHEMBL210454,CCCc1c(OCCCCc2ccc(CC(=O)O)cc2)ccc2c(C(F)(F)F)noc12,Full Agonist,0.010000001
CHEMBL210990,CCCc1c(OCCCN(C)c2ncc(CC(=O)O)cn2)ccc2c(C(F)(F)F)noc12,Full Agonist,0.010000001
CHEMBL378074,CCCc1c(OCCCN(C)c2cnc(CC(=O)O)cn2)ccc2c(C(F)(F)F)noc12,Full Agonist,0.010000001
CHEMBL381064,CCCc1c(OCCCN(C)c2ncc(CC(=O)O)s2)ccc2c(C(F)(F)F)noc12,Full Agonist,0.010000001
CHEMBL207188,CCCc1c(OCCCN(C)c2ccc(CC(=O)O)cn2)ccc2c(C(F)(F)F)noc12,Full Agonist,0.010000001
CHEMBL208967,CCCc1c(OCCCN(C)c2ccc(CC(=O)O)c(Cl)c2)ccc2c(C(F)(F)F)noc12,Full Agonist,0.010000001
CHEMBL207382,CCCc1c(OCCCN2C(=O)Cc3cc(C(=O)O)ccc32)ccc2c(C(F)(F)F)noc12,Full Agonist,0.010000001
CHEMBL207690,CCCc1c(OCCCN2C(=O)Cc3cc(CC(=O)O)ccc32)ccc2c(C(F)(F)F)noc12,Full Agonist,0.010000001
CHEMBL210613,CCCc1c(OCCCn2cnc3cc(CC(=O)O)ccc32)ccc2c(C(F)(F)F)noc12,Full Agonist,0.010000001
CHEMBL207236,CCCc1c(OCCCN(C)c2ccccc2)ccc2c(C(F)(F)F)noc12,Full Agonist,0.010000001
CHEMBL207093,CCCc1c(OCCCN(C(C)=O)c2ccc(CC(=O)O)cc2)ccc2c(C(F)(F)F)noc12,Full Agonist,0.010000001
CHEMBL210429,CCCc1c(OCCCN(C=O)c2ccc(CC(=O)O)cc2)ccc2c(C(F)(F)F)noc12,Full Agonist,0.010000001
CHEMBL383646,CCCc1c(OCCCN(C)c2ccc(CC(=O)O)cc2Cl)ccc2c(C(F)(F)F)noc12,Full Agonist,0.05
CHEMBL207142,CCCc1c(OCCCN(C)c2ccc(C(=O)O)cc2)ccc2c(C(F)(F)F)noc12,Full Agonist,0.05
CHEMBL377218,CCCc1c(OCCCn2ccc3cc(C(=O)O)ccc32)ccc2c(C(F)(F)F)noc12,Full Agonist,0.010000001
CHEMBL213487,CCOC(Cc1cccc2c1ccn2CCCc1nc(-c2ccccc2)oc1C)C(=O)O,Full Agonist,0.071
CHEMBL380404,CCOC(Cc1ccc2c(ccn2Cc2nc(-c3ccccc3F)oc2C)c1)C(=O)O,Full Agonist,0.052
CHEMBL211371,CCOC(Cc1ccc2c(ccn2Cc2nc(-c3ccccc3C)oc2C)c1)C(=O)O,Full Agonist,0.07700001
CHEMBL209749,CCOC(Cc1ccc2c(ccn2Cc2nc(-c3ccccc3Cl)oc2C)c1)C(=O)O,Full Agonist,0.080000006
CHEMBL378705,CCOC(Cc1ccc2c(ccn2Cc2nc(-c3ccccc3OC)oc2C)c1)C(=O)O,Full Agonist,0.10700001
CHEMBL211513,CCOC(Cc1ccc2c(ccn2Cc2nc(-c3cccc(Cl)c3)oc2C)c1)C(=O)O,Full Agonist,0.075
CHEMBL214272,CCOC(Cc1ccc2c(ccn2Cc2nc(-c3ccc(F)cc3)oc2C)c1)C(=O)O,Full Agonist,0.105000004
CHEMBL213675,CCOC(Cc1ccc2c(ccn2Cc2nc(-c3ccc(C(F)(F)F)cc3)oc2C)c1)C(=O)O,Full Agonist,0.132
CHEMBL213902,COC(Cc1ccc2c(ccn2Cc2nc(-c3ccccc3)oc2C)c1)C(=O)O,Full Agonist,0.07300001
CHEMBL265364,CCOC(Cc1ccc2c(ccn2Cc2nc(-c3ccc(F)c(C)c3)oc2C)c1)C(=O)O,Full Agonist,0.087000005
CHEMBL387023,CCOC(Cc1ccc2c(ccn2Cc2nc(-c3ccc(C(C)C)cc3)oc2C)c1)C(=O)O,Full Agonist,0.068
CHEMBL213602,CCOC(Cc1ccc2c(ccn2Cc2nc(-c3ccc(C(C)(C)C)cc3)oc2C)c1)C(=O)O,Full Agonist,0.063
CHEMBL380070,CCOC(Cc1ccc2c(ccn2Cc2nc(-c3cc(C)cc(C)c3)oc2C)c1)C(=O)O,Full Agonist,0.087000005
CHEMBL210163,CCOC(Cc1ccc2c(ccn2Cc2nc(-c3cc(Cl)cc(Cl)c3)oc2C)c1)C(=O)O,Full Agonist,0.096
CHEMBL211839,CCOC(Cc1ccc2c(ccn2Cc2nc(-c3cc(OC)cc(OC)c3)oc2C)c1)C(=O)O,Full Agonist,0.133
CHEMBL377898,CCCOC(Cc1ccc2c(ccn2Cc2nc(-c3ccc(C(F)(F)F)cc3)oc2C)c1)C(=O)O,Full Agonist,0.11800001
CHEMBL210017,Cc1oc(-c2ccc(C(F)(F)F)cc2)nc1Cn1ccc2cc(CC(OC(C)C)C(=O)O)ccc21,Full Agonist,0.134
CHEMBL384203,CCOC(Cc1ccc2c(c1)c(C)cn2Cc1nc(-c2ccc(C(F)(F)F)cc2)oc1C)C(=O)O,Full Agonist,0.29500002
CHEMBL209546,CCOC(Cc1ccc2c(ccn2Cc2nc(-c3ccccc3)oc2C)c1)C(=O)O,Full Agonist,0.05
CHEMBL213678,CCOC(Cc1ccc2c(ccn2Cc2nc(-c3ccc(CC)cc3)oc2C)c1)C(=O)O,Full Agonist,0.056
CHEMBL153057,CCCc1c(OCCCOc2ccc(OCC(=O)O)cc2)ccc(C(C)=O)c1O,Full Agonist,0.097
CHEMBL425431,CCCc1cc(C(F)(F)F)ncc1OCCCOc1ccc(OCC(=O)O)c(C)c1,Full Agonist,0.136
CHEMBL213355,CCCc1cc(C(F)(F)F)ccc1OCCCOc1ccc(OCC(=O)O)c(C)c1,Full Agonist,0.040000003
CHEMBL214394,CCCc1cc(C(F)(F)F)ccc1OCCCOc1ccc(OCC(=O)OC)c(C)c1,Full Agonist,0.085
CHEMBL211963,CCCc1cc(C(F)(F)F)ccc1OCCCOc1ccc(OCC(=O)OC)cc1,Full Agonist,0.049000002
CHEMBL212993,CCCc1c(OCCCOc2ccc(OCC(=O)OC)cc2)cnc(C(C)=O)c1O,Full Agonist,0.064
CHEMBL373785,CCCc1c(OCCCOc2ccc(OCC(=O)OC)cc2)ccc(C(C)=O)c1O,Full Agonist,0.032
CHEMBL38943,Cc1cc(SCc2sc(-c3ccc(C(F)(F)F)cc3)nc2C)ccc1OCC(=O)O,Full Agonist,0.45200002
CHEMBL385106,COC(Cc1ccc(OCCc2nc(-c3ccccc3)oc2C)cn1)C(=O)O,Full Agonist,0.095000006
CHEMBL121,CN(CCOc1ccc(CC2SC(=O)NC2=O)cc1)c1ccccn1,Full Agonist,0.006
CHEMBL218487,Cc1oc(-c2ccccc2)nc1CCOc1ccc(C[C@]2(C(=O)O)CCCO2)nc1,Full Agonist,0.097
CHEMBL218591,Cc1oc(-c2ccccc2)nc1CCOc1ccc(C[C@@]2(C(=O)O)CCCO2)nc1,Full Agonist,0.006
CHEMBL385974,Cc1oc(-c2ccccc2)nc1CCOc1ncc(CC2(C(=O)O)CCCO2)cn1,Full Agonist,0.058000002
CHEMBL221490,Cc1oc(-c2ccccc2)nc1CCOc1cnc(CC2(C(=O)O)CCCO2)cn1,Full Agonist,0.07700001
CHEMBL221489,Cc1cccc(-c2nc(CCOc3ccc(CC4(C(=O)O)CCCO4)nc3)c(C)o2)c1,Full Agonist,0.093
CHEMBL221438,COc1cccc(-c2nc(CCOc3ccc(CC4(C(=O)O)CCCO4)nc3)c(C)o2)c1,Full Agonist,0.098000005
CHEMBL375370,Cc1oc(-c2ccc(Cl)cc2)nc1CCOc1ccc(CC2(C(=O)O)CCCO2)nc1,Full Agonist,0.12200001
CHEMBL221388,COc1ccc(-c2nc(CCOc3ccc(CC4(C(=O)O)CCCO4)nc3)c(C)o2)cc1,Full Agonist,0.095000006
CHEMBL221529,CCOC(Cc1ccc(OCCCc2nc(-c3ccccc3)oc2C)cn1)C(=O)O,Full Agonist,0.076000005
CHEMBL435512,Cc1oc(-c2ccccc2)nc1CCOc1ccc(CC2(C(=O)O)CCCCO2)nc1,Full Agonist,0.0050000004
CHEMBL220655,Cc1oc(-c2ccccc2)nc1CCOc1ccc(CC2(C(=O)O)CCCO2)nc1,Full Agonist,0.09
CHEMBL222121,COC(C)(Cc1ccc(OCCc2nc(-c3ccccc3)oc2C)cn1)C(=O)O,Full Agonist,0.11400001
CHEMBL373430,CCOC(Cc1ccc(OCCc2nc(-c3ccccc3)oc2C)cn1)C(=O)O,Full Agonist,0.1
CHEMBL38943,Cc1cc(SCc2sc(-c3ccc(C(F)(F)F)cc3)nc2C)ccc1OCC(=O)O,Full Agonist,0.108
CHEMBL218687,Cc1nc(-c2ccc(C(F)(F)F)cc2)sc1CCc1ccc(OC(C)(C)C(=O)O)cc1,Full Agonist,0.13800001
CHEMBL221755,Cc1cc(CCc2sc(-c3ccc(C(F)(F)F)cc3)nc2C)ccc1OCC(=O)O,Full Agonist,0.085
CHEMBL374355,Cc1nc(-c2ccc(C(F)(F)F)cc2)sc1C(=O)Nc1ccc(OC(C)(C)C(=O)O)cc1,Full Agonist,0.069000006
CHEMBL376641,CC(C)(Oc1ccc(CNC(=O)c2sc(-c3ccc(C(F)(F)F)cc3)nc2C(F)(F)F)cc1)C(=O)O,Full Agonist,0.098000005
CHEMBL218442,Cc1nc(C(=O)NCc2ccc(OC(C)(C)C(=O)O)cc2)c(C)s1,Full Agonist,0.171
CHEMBL221254,Cc1nc(-c2ccc(N)cc2)sc1C(=O)NCc1ccc(OC(C)(C)C(=O)O)cc1,Full Agonist,0.067
CHEMBL375761,Cc1nc(-c2ccccc2C(F)(F)F)sc1C(=O)NCc1ccc(OC(C)(C)C(=O)O)cc1,Full Agonist,0.082
CHEMBL375760,Cc1nc(-c2cccc(C(F)(F)F)c2)sc1C(=O)NCc1ccc(OC(C)(C)C(=O)O)cc1,Full Agonist,0.106000006
CHEMBL218784,CC(C)(Oc1ccc(CNC(=O)c2cnc(-c3ccccc3)s2)cc1)C(=O)O,Full Agonist,0.10700001
CHEMBL219587,Cc1nc(-c2ccc(F)cc2)sc1C(=O)NCc1ccc(OC(C)(C)C(=O)O)cc1,Full Agonist,0.11800001
CHEMBL218691,COc1ccc(-c2nc(C)c(C(=O)NCc3ccc(OC(C)(C)C(=O)O)cc3)s2)cc1,Full Agonist,0.10300001
CHEMBL218637,Cc1nc(-c2ccc([N+](=O)[O-])cc2)sc1C(=O)NCc1ccc(OC(C)(C)C(=O)O)cc1,Full Agonist,0.11100001
CHEMBL220281,Cc1nc(-c2ccc(Cl)cc2)sc1C(=O)NCc1ccc(OC(C)(C)C(=O)O)cc1,Full Agonist,0.094000004
CHEMBL219626,Cc1nc(-c2ccc(OC(F)(F)F)cc2)sc1C(=O)NCc1ccc(OC(C)(C)C(=O)O)cc1,Full Agonist,0.116000004
CHEMBL221074,Cc1nc(-c2ccc(C(C)(C)C)cc2)sc1C(=O)NCc1ccc(OC(C)(C)C(=O)O)cc1,Full Agonist,0.066
CHEMBL221201,Cc1nc(-c2ccc(C(F)(F)F)cc2)sc1C(=O)NCCc1ccc(OC(C)(C)C(=O)O)cc1,Full Agonist,0.12900001
CHEMBL221146,Cc1nc(-c2ccc(C(F)(F)F)cc2)sc1CNC(=O)c1ccc(OC(C)(C)C(=O)O)cc1,Full Agonist,0.109000005
CHEMBL220926,Cc1nc(-c2ccc(C(F)(F)F)cc2)sc1C(=O)N(C)Cc1ccc(OC(C)(C)C(=O)O)cc1,Full Agonist,0.08400001
CHEMBL219586,Cc1nc(-c2ccc(C(F)(F)F)cc2)sc1C(=O)NCc1ccc(OC(C)(C)C(=O)O)cc1,Full Agonist,0.095000006
CHEMBL218094,Cc1nc(-c2ccc(C(F)(F)F)cc2)sc1CNCc1ccc(OC(C)(C)C(=O)O)cc1,Full Agonist,0.11000001
CHEMBL375812,O=C(O)C[C@@H]1CCc2cc(OCCCOc3ccc(-c4nc5c(s4)CCCC5)cc3)ccc21,Full Agonist,0.1
CHEMBL375812,O=C(O)C[C@@H]1CCc2cc(OCCCOc3ccc(-c4nc5c(s4)CCCC5)cc3)ccc21,Full Agonist,0.078
CHEMBL2113263,CCCc1cc(-c2nc3c(s2)CCCC3)ccc1OCCCOc1ccc2c(c1)CC[C@H]2CC(=O)O,Full Agonist,0.1
CHEMBL221044,CCCc1cc(C2=NC3OCCCC3S2)ccc1OCCCOc1ccc2c(c1)CC[C@H]2CC(=O)O,Full Agonist,0.08800001
CHEMBL221044,CCCc1cc(C2=NC3OCCCC3S2)ccc1OCCCOc1ccc2c(c1)CC[C@H]2CC(=O)O,Full Agonist,0.1
CHEMBL225828,Cc1cccc2c(-c3cccc(NCc4ccc(CC(=O)O)cc4)c3)c(Cc3ccccc3)cnc12,Full Agonist,0.0075000003
CHEMBL225936,O=C(O)Cc1ccc(CNc2cccc(-c3c(Cc4ccccc4)cnc4c(Cl)cccc34)c2)cc1,Full Agonist,0.012
CHEMBL244573,Cc1cc(SCc2nc(-c3ccc(C(F)(F)F)cc3)ns2)ccc1OCC(=O)O,Full Agonist,0.042000003
CHEMBL242007,Cc1cc(SCc2nc(-c3ccc(OC(F)(F)F)cc3)ns2)ccc1OC1(C(=O)O)CCCC1,Full Agonist,0.031000001
CHEMBL395560,Cc1cc(OCc2nc(-c3ccc(OC(F)(F)F)cc3)ns2)ccc1OC(C)(C)C(=O)O,Full Agonist,0.080000006
CHEMBL428037,Cc1cc(OCc2nc(-c3ccc(C(F)(F)F)cc3)ns2)ccc1OC(C)(C)C(=O)O,Full Agonist,0.071
CHEMBL232597,Cc1cc(SCc2nsc(-c3ccc(OC(F)(F)F)cc3)n2)ccc1OC(C)(C)C(=O)O,Full Agonist,0.047000002
CHEMBL400625,Cc1cc(SCc2nsc(-c3ccc(C(F)(F)F)cc3)n2)ccc1OC(C)(C)C(=O)O,Full Agonist,0.038000003
CHEMBL244786,Cc1cc(SCc2nc(-c3ccc(C(C)(C)C)cc3)ns2)ccc1OC(C)(C)C(=O)O,Full Agonist,0.064
CHEMBL244575,Cc1cc(SCc2nc(-c3ccc(Cl)cc3)ns2)ccc1OC(C)(C)C(=O)O,Full Agonist,0.038000003
CHEMBL396496,Cc1cc(SCc2nc(-c3ccc(OC(F)(F)F)cc3)ns2)ccc1OC(C)(C)C(=O)O,Full Agonist,0.044000003
CHEMBL244574,Cc1cc(SCc2nc(-c3ccc(C(F)(F)F)cc3)ns2)ccc1OC(C)(C)C(=O)O,Full Agonist,0.051000003
CHEMBL238817,C/C(=C/C(=O)c1ccccc1)N[C@@H](Cc1ccc(OCCOc2cccc3[nH]c4ccccc4c23)cc1)C(=O)O,Full Agonist,0.0046
CHEMBL397540,O=C(C1=C(N[C@@H](Cc2ccc(OCCn3c4ccccc4c4ccccc43)cc2)C(=O)O)CCCC1)c1ccccc1,Full Agonist,0.001
CHEMBL397558,COC(=O)[C@H](Cc1ccc(OCCn2c3ccccc3c3ccccc32)cc1)NC1=C(C(=O)c2ccccc2)CCCC1,Full Agonist,0.0005
CHEMBL397557,O=C(C1=C(N[C@@H](Cc2ccc(OCCOc3cccc4[nH]c5ccccc5c34)cc2)C(=O)O)CCCC1)c1ccccc1,Full Agonist,0.0012
CHEMBL397556,COC(=O)[C@H](Cc1ccc(OCCOc2cccc3[nH]c4ccccc4c23)cc1)NC1=C(C(=O)c2ccccc2)CCCC1,Full Agonist,0.0014000001
CHEMBL239461,C/C(=C/C(=O)c1ccccc1)N[C@@H](Cc1ccc(OCCc2ccc(C(F)(F)F)cc2)cc1)C(=O)O,Full Agonist,0.0003
CHEMBL239460,C/C(=C/C(=O)c1ccccc1)N[C@@H](Cc1ccc(OCCOc2ccc(C(=O)c3ccc(Cl)cc3)cc2)cc1)C(=O)O,Full Agonist,0.0028000001
CHEMBL238534,C/C(=C/C(=O)c1ccccc1)N[C@@H](Cc1ccc(OCCOc2cc(C(F)(F)F)nc3c(C(F)(F)F)cccc23)cc1)C(=O)O,Full Agonist,0.0011000001
CHEMBL239256,C/C(=C/C(=O)c1ccccc1)N[C@@H](Cc1ccc(OCCCOc2cccc3[nH]c4ccccc4c23)cc1)C(=O)O,Full Agonist,0.0051
CHEMBL400640,C/C(=C/C(=O)c1ccccc1)N[C@@H](Cc1ccc(OCCOc2ccc3c(c2)[nH]c2ccccc23)cc1)C(=O)O,Full Agonist,0.002
CHEMBL238820,COC(=O)[C@H](Cc1ccc(OCCOc2ccc3c(c2)[nH]c2ccccc23)cc1)N/C(C)=C\C(=O)c1ccccc1,Full Agonist,0.0019
CHEMBL239027,C/C(=C/C(=O)c1ccccc1)N[C@@H](Cc1ccc(OCCn2c3ccccc3c3ccccc32)cc1)C(=O)O,Full Agonist,0.0014000001
CHEMBL393623,COC(=O)[C@H](Cc1ccc(OCCn2c3ccccc3c3ccccc32)cc1)N/C(C)=C\C(=O)c1ccccc1,Full Agonist,0.0012
CHEMBL144489,CCO[C@@H](Cc1ccc(OC/C=C(\C)c2ccc(-c3ccccc3)cc2)cc1)C(=O)O,Full Agonist,0.158
CHEMBL121,CN(CCOc1ccc(CC2SC(=O)NC2=O)cc1)c1ccccn1,Full Agonist,0.043
CHEMBL246486,CCO[C@@H](Cc1ccc(OC/C=C/c2cc(-c3ccc(C(C)(C)C)cc3)cc(-c3ccc(C(C)(C)C)cc3)c2)cc1)C(=O)O,Full Agonist,0.11000001
CHEMBL247314,CCO[C@@H](Cc1ccc(OC/C=C/c2cc(CCc3ccccc3)cc(CCc3ccccc3)c2)cc1)C(=O)O,Full Agonist,0.11800001
CHEMBL247111,CCO[C@@H](Cc1ccc(OC/C=C/c2cc(/C=C/c3ccccc3)cc(/C=C/c3ccccc3)c2)cc1)C(=O)O,Full Agonist,0.066
CHEMBL247110,CCO[C@@H](Cc1ccc(OC/C=C/c2cc(C#Cc3ccccc3)cc(C#Cc3ccccc3)c2)cc1)C(=O)O,Full Agonist,0.108
CHEMBL246485,CCO[C@@H](Cc1ccc(OC/C=C/c2cc(OC(=O)c3ccccc3)cc(OC(=O)c3ccccc3)c2)cc1)C(=O)O,Full Agonist,0.12100001
CHEMBL246279,CCO[C@@H](Cc1ccc(OC/C=C/c2cc(-c3ccccc3)cc(-c3ccccc3)c2)cc1)C(=O)O,Full Agonist,0.030000001
CHEMBL396154,CCO[C@@H](Cc1ccc(OC/C=C/c2cc(OC(C)C)cc(OC(C)C)c2)cc1)C(=O)O,Full Agonist,0.20700002
CHEMBL248318,CCO[C@@H](Cc1ccc(OC/C=C/c2cc(OCC(F)(F)F)cc(OCC(F)(F)F)c2)cc1)C(=O)O,Full Agonist,0.149
CHEMBL248113,CCOc1cc(/C=C/COc2ccc(C[C@H](OCC)C(=O)O)cc2)cc(OCC)c1,Full Agonist,0.19700001
CHEMBL397331,CCO[C@@H](Cc1ccc(OC/C=C/c2cc(OC)cc(OC)c2)cc1)C(=O)O,Full Agonist,0.186
CHEMBL248112,CCO[C@@H](Cc1ccc(OC/C=C/c2cc(C(F)(F)F)cc(C(F)(F)F)c2)cc1)C(=O)O,Full Agonist,0.19500001
CHEMBL245454,CCO[C@@H](Cc1ccc(OC/C=C/c2cc(Br)cc(Br)c2)cc1)C(=O)O,Full Agonist,0.12100001
CHEMBL178296,CCO[C@@H](Cc1ccc(OC/C=C/c2ccccc2)cc1)C(=O)O,Full Agonist,0.16900001
CHEMBL247937,CCO[C@@H](Cc1ccc(OC/C=C/c2cc(OC3CCCC3)cc(OC3CCCC3)c2)cc1)C(=O)O,Full Agonist,0.135
CHEMBL250673,Cc1cc(Sc2cc(C#CCN3CCOCC3)nc(C#Cc3ccc(C(F)(F)F)cc3)c2)ccc1OCC(=O)O,Full Agonist,0.05
CHEMBL38943,Cc1cc(SCc2sc(-c3ccc(C(F)(F)F)cc3)nc2C)ccc1OCC(=O)O,Full Agonist,0.068
CHEMBL121,CN(CCOc1ccc(CC2SC(=O)NC2=O)cc1)c1ccccn1,Full Agonist,0.024
CHEMBL400300,O=C(O)COc1ccc(Sc2cc(C#CCN3CCOCC3)nc(C#Cc3ccc(C(F)(F)F)cc3)c2)c2c1CCC2,Full Agonist,0.010000001
CHEMBL246200,Cc1oc(-c2ccccc2)nc1CCOc1ccc2c(c1)CCC[C@H]2CC(=O)O,Full Agonist,0.058000002
CHEMBL246201,Cc1oc(-c2ccccc2)nc1CCOc1ccc2c(c1)OCC2CC(=O)O,Full Agonist,0.015000001
CHEMBL248259,Cc1oc(-c2ccccc2)nc1CCOc1ccc2c(c1)CC(C)C2CC(=O)O,Full Agonist,0.011000001
CHEMBL400507,Cc1oc(-c2ccccc2)nc1CCOc1ccc2c(c1)C(C)(C)CC2CC(=O)O,Full Agonist,0.0075000003
CHEMBL402100,Cc1nc(-c2ccc(C(F)(F)F)cc2)sc1C(=O)NCc1ccc(NC(=O)C(F)(F)F)cc1,Full Agonist,0.079
CHEMBL404467,Cc1ccc(S(=O)(=O)Nc2ccc(CNC(=O)c3sc(-c4ccc(C(F)(F)F)cc4)nc3C)cc2)cc1,Full Agonist,0.001
CHEMBL253109,CCCCS(=O)(=O)Nc1ccc(CNC(=O)c2sc(-c3ccc(C(F)(F)F)cc3)nc2C)cc1,Full Agonist,0.125
CHEMBL254946,Cc1nc(-c2ccc(C(F)(F)F)cc2)sc1C(=O)NCc1ccc(NS(=O)(=O)C(C)C)cc1,Full Agonist,0.087000005
CHEMBL254744,Cc1nc(-c2ccc(C(F)(F)F)cc2)sc1C(=O)NCc1ccc(NS(C)(=O)=O)cc1,Full Agonist,0.1
CHEMBL403637,Cc1csc(-c2ccc(C(=O)NCc3ccc(NS(=O)(=O)C(F)(F)F)cc3)cc2)n1,Full Agonist,0.12100001
CHEMBL253310,Cc1nc(-c2ccc(C(F)(F)F)cc2)sc1C(=O)NCc1ccc(NS(=O)(=O)C(F)(F)F)cc1,Full Agonist,0.115
CHEMBL253520,Cc1nc(-c2ccc(C(F)(F)F)cc2)sc1C(=O)NCc1ccc(CNS(=O)(=O)C(F)(F)F)cc1,Full Agonist,0.11400001
CHEMBL427890,Cc1nc(-c2ccc(C(F)(F)F)cc2)sc1C(=O)NCc1ccc(NS(=O)(=O)CC(F)(F)F)cc1,Full Agonist,0.072000004
CHEMBL438346,COc1ccc2sc(C(=O)NCc3ccc(NS(=O)(=O)C(F)(F)F)cc3)cc2c1,Full Agonist,0.094000004
CHEMBL253924,CC(C)(Oc1ccc(CNC(=O)Cc2ccc(-c3ccc(Cl)cc3)cc2)cc1)C(=O)O,Full Agonist,0.097
CHEMBL253490,COCc1nc(-c2ccc(C(=O)NCc3ccc(OC(C)(C)C(=O)O)cc3)cc2)no1,Full Agonist,0.135
CHEMBL401562,COCc1nc(-c2ccc(C(=O)NCc3ccc(NS(=O)(=O)C(F)(F)F)cc3)cc2)no1,Full Agonist,0.102000006
CHEMBL401560,CC(C)(Oc1ccc(CNC(=O)c2ccc(-c3ccc(C#N)cc3)cc2)cc1)C(=O)O,Full Agonist,0.133
CHEMBL252675,O=C(NCc1ccc(NS(=O)(=O)C(F)(F)F)cc1)c1ccc(-c2ccc(Cl)cc2)cc1,Full Agonist,0.13800001
CHEMBL253923,O=C(Cc1ccc(-c2ccc(Cl)cc2)cc1)NCc1ccc(NS(=O)(=O)C(F)(F)F)cc1,Full Agonist,0.120000005
CHEMBL253486,N#Cc1ccc(-c2ccc(C(=O)NCc3ccc(NS(=O)(=O)C(F)(F)F)cc3)cc2)cc1,Full Agonist,0.133
CHEMBL403909,CC(C)(Oc1ccc(CNC(=O)c2ccc(-c3ccc(Cl)cc3)cc2)cc1)C(=O)O,Full Agonist,0.134
CHEMBL253522,Cc1csc(-c2ccc(C(=O)NCc3ccc(OC(C)(C)C(=O)O)cc3)cc2)n1,Full Agonist,0.10700001
CHEMBL219586,Cc1nc(-c2ccc(C(F)(F)F)cc2)sc1C(=O)NCc1ccc(OC(C)(C)C(=O)O)cc1,Full Agonist,0.095000006
CHEMBL401580,COc1ccc2sc(C(=O)NCc3ccc(OC(C)(C)C(=O)O)cc3)cc2c1,Full Agonist,0.133
CHEMBL410030,Cc1ccc(-c2nc(CCCC[C@H]3CO[C@@](C)(C(=O)O)OC3)c(C)n2C)cc1,Full Agonist,0.006
CHEMBL255971,Cc1oc(-c2ccccc2)nc1CCC[C@H]1CO[C@@](C)(C(=O)O)OC1,Full Agonist,0.008
CHEMBL401983,Cc1oc(-c2ccccc2)nc1CCCC[C@H]1CO[C@@H](C(=O)O)OC1,Full Agonist,0.008
CHEMBL402186,Cc1oc(-c2ccccc2)nc1Cc1ccc([C@H]2CO[C@@](C)(C(=O)O)OC2)cc1,Full Agonist,0.0050000004
CHEMBL186179,COc1ccc(OC(=O)N(CC(=O)O)Cc2ccc(OCCc3nc(-c4ccccc4)oc3C)cc2)cc1,Full Agonist,0.13900001
CHEMBL256142,CCCOC(=O)N1C=C(Cc2cccc(OCCc3nc(-c4ccccc4)oc3C)c2)C(C(=O)O)CC1,Full Agonist,0.15
CHEMBL401534,Cc1oc(-c2ccccc2)nc1CCOc1cccc(CC2=CN(C(=O)OCc3ccccc3)CCC2C(=O)O)c1,Full Agonist,0.11800001
CHEMBL255872,Cc1oc(-c2ccccc2)nc1CCOc1cccc(CC2=CN(c3nccc(C(F)(F)F)n3)CCC2C(=O)O)c1,Full Agonist,0.1
CHEMBL256358,Cc1oc(-c2ccccc2)nc1CCOc1cccc(CC2=CN(C(=O)OCC(C)C)CCC2C(=O)O)c1,Full Agonist,0.132
CHEMBL256569,CCCOC(=O)N1CCC(C(=O)O)=C(Cc2cccc(OCCc3nc(-c4ccccc4)oc3C)c2)C1,Full Agonist,0.087000005
CHEMBL255271,Cc1oc(-c2ccccc2)nc1CCOc1cccc(CC2=C(C(=O)O)CCN(c3nccc(C(F)(F)F)n3)C2)c1,Full Agonist,0.065000005
CHEMBL445942,Cc1oc(-c2ccccc2)nc1CCOc1cccc(C2CN(C(=O)Oc3ccccc3)CCC2CC(=O)O)c1,Full Agonist,0.029000001
CHEMBL255097,Cc1oc(-c2ccccc2)nc1CCOc1cccc(C2CN(C(=O)OCC(C)C)CCC2CC(=O)O)c1,Full Agonist,0.075
CHEMBL255309,Cc1oc(-c2ccccc2)nc1CCOc1cccc(C2=C(CC(=O)O)CCN(C(=O)Oc3ccccc3)C2)c1,Full Agonist,0.11000001
CHEMBL403432,Cc1oc(-c2ccccc2)nc1CCOc1cccc(C2=C(CC(=O)O)CCN(C(=O)OCC(C)C)C2)c1,Full Agonist,0.116000004
CHEMBL258212,Cc1oc(-c2ccccc2)nc1CCOc1cccc(CC2CN(C(=O)OCC(C)C)CCC2C(=O)O)c1,Full Agonist,0.058000002
CHEMBL257164,Cc1oc(-c2ccccc2)nc1CCOc1ccc(CCC2CN(C(=O)OCC(C)C)CCC2C(=O)O)cc1,Full Agonist,0.079
CHEMBL257165,Cc1oc(-c2ccccc2)nc1CCOc1ccc(CC2CN(C(=O)OCC(C)C)CCC2C(=O)O)cc1,Full Agonist,0.082
CHEMBL256134,Cc1oc(-c2ccccc2)nc1CCOc1cccc(CC2=C(C(=O)O)CCN(C(=O)OCC(C)C)C2)c1,Full Agonist,0.037
CHEMBL257345,Cc1oc(-c2ccccc2)nc1CCOc1ccc(CCC2=C(C(=O)O)CCN(C(=O)OCC(C)C)C2)cc1,Full Agonist,0.095000006
CHEMBL257180,Cc1oc(-c2ccccc2)nc1CCOc1ccc(CC2=C(C(=O)O)CCN(C(=O)OCC(C)C)C2)cc1,Full Agonist,0.052
CHEMBL255251,Cc1oc(-c2ccccc2)nc1CCOc1ccc(C2=C(C(=O)O)CCN(C(=O)OCC(C)C)C2)cc1,Full Agonist,0.006
CHEMBL121,CN(CCOc1ccc(CC2SC(=O)NC2=O)cc1)c1ccccn1,Full Agonist,0.023000002
CHEMBL121,CN(CCOc1ccc(CC2SC(=O)NC2=O)cc1)c1ccccn1,Full Agonist,0.021000002
CHEMBL516129,Cc1oc(-c2ccccc2)nc1CN(C)Cc1ccc(C[C@@H](C(=O)O)n2cccc2)cc1,Full Agonist,0.072000004
CHEMBL477323,Cc1oc(-c2ccccc2)nc1CCNc1ccc(C[C@@H](C(=O)O)n2cccc2)cc1,Full Agonist,0.039
CHEMBL515972,CN(CCCc1ccc(C[C@@H](C(=O)O)n2cccc2)cc1)c1ccccn1,Full Agonist,0.019000001
CHEMBL477318,Cc1oc(-c2ccccc2)nc1CCCc1ccc(CC(C(=O)O)c2ccccc2)cc1,Full Agonist,0.028
CHEMBL477298,Cc1oc(-c2ccccc2)nc1CCCc1ccc(CC(C(=O)O)c2cccc(-c3ccccc3)c2)cc1,Full Agonist,0.074
CHEMBL515181,Cc1oc(-c2ccccc2)nc1CCCc1ccc(CC(C(=O)O)c2cccnc2)cc1,Full Agonist,0.027
CHEMBL478334,Cc1oc(-c2ccccc2)nc1CCCc1ccc(C[C@H](C(=O)O)n2cccc2)cc1,Full Agonist,0.028
CHEMBL477095,Cc1oc(-c2ccccc2)nc1CCCc1ccc(C[C@@H](C(=O)O)n2cccc2)cc1,Full Agonist,0.052
CHEMBL477094,Cc1oc(-c2ccccc2)nc1C/C=C/c1ccc(C[C@H](C(=O)O)n2cccc2)cc1,Full Agonist,0.019000001
CHEMBL479002,Cc1oc(-c2ccccc2)nc1C/C=C/c1ccc(C[C@@H](C(=O)O)n2cccc2)cc1,Full Agonist,0.044000003
CHEMBL479001,CN(C/C=C/c1ccc(C[C@@H](C(=O)O)n2cccc2)cc1)c1ccccn1,Full Agonist,0.026
CHEMBL476897,Cc1oc(-c2ccccc2)nc1CC#Cc1ccc(CC(C(=O)O)c2cccc(-c3ccccc3)c2)cc1,Full Agonist,0.066
CHEMBL476896,Cc1oc(-c2ccccc2)nc1CC#Cc1ccc(CC(C(=O)O)c2ccc(-c3ccccc3)cc2)cc1,Full Agonist,0.014
CHEMBL478726,Cc1oc(-c2ccccc2)nc1CC#Cc1ccc(CC(C(=O)O)c2cccnc2)cc1,Full Agonist,0.016
CHEMBL478725,Cc1oc(-c2ccccc2)nc1CC#Cc1ccc(C[C@@H](C(=O)O)n2cccc2)cc1,Full Agonist,0.05
CHEMBL104850,Cc1oc(-c2ccccc2)nc1CCOc1ccc(C[C@@H](C(=O)O)n2cccc2)cc1,Full Agonist,0.064
CHEMBL491039,CCn1c(SCC(=O)Nc2ccc(C(=O)O)cc2)nnc1-c1cc2cccc(OC)c2o1,Full Agonist,0.015000001
CHEMBL491237,O=C(O)c1ccc(COc2ccc3ccccc3c2/C=N/c2ccc(N3CCOCC3)cc2)cc1,Full Agonist,0.015000001
CHEMBL489597,CCOC(=O)C[C@H](C)NC(=O)c1csc(C2CCN(C(=O)c3c(F)cccc3Cl)CC2)n1,Full Agonist,0.020000001
CHEMBL487087,CCOC(=O)N1CCc2c(sc(NC(=O)Cc3ccc(OC)cc3)c2C(=O)Nc2ccc(C(=O)OC)cc2)C1,Full Agonist,0.040000003
CHEMBL460072,COc1ccc(C(=O)c2c(C)n(Cc3ccc(F)c(O[C@@H](C)C(=O)O)c3)c3nc(OC)ccc23)cc1,Full Agonist,0.48900002
CHEMBL519032,COC(Cc1ccc(OCCc2nc(-c3ccccc3)oc2C)c2ccsc12)C(=O)O,Full Agonist,0.16800001
CHEMBL485537,CCOC(Cc1ccc(OCCc2nc(-c3ccccc3)oc2C)c2ccsc12)C(=O)O,Full Agonist,0.164
CHEMBL521462,CCCOC(Cc1ccc(OCCc2nc(-c3ccccc3)oc2C)c2ccsc12)C(=O)O,Full Agonist,0.123
CHEMBL483341,Cc1oc(-c2ccccc2)nc1CCOc1ccc(CC(OCC(C)C)C(=O)O)c2sccc12,Full Agonist,0.18100001
CHEMBL482740,CCCCCCOC(Cc1ccc(OCCc2nc(-c3ccccc3)oc2C)c2ccsc12)C(=O)O,Full Agonist,0.115
CHEMBL519802,COc1ccccc1-c1nc(CCOc2ccc(CC(OC)C(=O)O)c3sccc23)c(C)o1,Full Agonist,0.101
CHEMBL521131,COC(Cc1ccc(OCCc2nc(-c3ccccc3)oc2C)c2ccccc12)C(=O)O,Full Agonist,0.15900001
CHEMBL519974,CCCOC(Cc1ccc(OCCc2nc(-c3ccccc3)oc2C)c2ccccc12)C(=O)O,Full Agonist,0.056
CHEMBL483351,COC(Cc1ccc(OCCc2nc(-c3ccccc3C)oc2C)c2ccccc12)C(=O)O,Full Agonist,0.11400001
CHEMBL519504,CO[C@@H](Cc1ccc(OCCc2nc(-c3ccccc3)oc2C)c2ccsc12)C(=O)O,Full Agonist,0.156
CHEMBL484137,CO[C@@H](Cc1ccc(OCCc2nc(-c3ccc(C(F)(F)F)cc3)oc2C)c2ccsc12)C(=O)O,Full Agonist,0.109000005
CHEMBL484409,CO[C@@H](Cc1ccc(OCCc2nc(-c3ccc(C(C)C)cc3)oc2C)c2ccsc12)C(=O)O,Full Agonist,0.15100001
CHEMBL521007,COc1cc(OC)cc(-c2nc(CCOc3ccc(C[C@H](OC)C(=O)O)c4sccc34)c(C)o2)c1,Full Agonist,0.19600001
CHEMBL484962,CCO[C@@H](Cc1ccc(OCCc2nc(-c3ccccc3)oc2C)c2ccsc12)C(=O)O,Full Agonist,0.109000005
CHEMBL484606,CCCO[C@@H](Cc1ccc(OCCc2nc(-c3ccccc3)oc2C)c2ccsc12)C(=O)O,Full Agonist,0.20400001
CHEMBL484607,Cc1oc(-c2ccccc2)nc1CCOc1ccc(C[C@H](OCC(F)(F)F)C(=O)O)c2sccc12,Full Agonist,0.179
CHEMBL484000,CCO[C@@H](Cc1ccc(OCCc2nc(-c3ccc(C(F)(F)F)cc3)oc2C)c2ccsc12)C(=O)O,Full Agonist,0.043
CHEMBL484001,Cc1oc(-c2ccccc2)nc1CCOc1ccc(C[C@H](OCC2CC2)C(=O)O)c2sccc12,Full Agonist,0.108
CHEMBL485187,CCO[C@@H](Cc1ccc(OCCc2nc(-c3ccc(-c4ccccc4)cc3)oc2C)c2ccsc12)C(=O)O,Full Agonist,0.09200001
CHEMBL485188,Cc1oc(-c2ccc(C(C)C)cc2)nc1CCOc1ccc(C[C@H](OCC2CC2)C(=O)O)c2sccc12,Full Agonist,0.12200001
CHEMBL519153,CCO[C@H](Cc1ccc(OCCc2nc(-c3ccccc3)oc2C)c2ccsc12)C(=O)O,Full Agonist,0.07300001
CHEMBL482993,CO[C@H](Cc1ccc(OCCc2nc(-c3ccccc3)oc2C)c2ccsc12)C(=O)O,Full Agonist,0.109000005
CHEMBL484725,CCO[C@@H](Cc1ccc(OCCc2nc(-c3ccccc3)oc2C)c2ccccc12)C(=O)O,Full Agonist,0.078
CHEMBL521170,CCO[C@@H](Cc1ccc(OCCc2nc(-c3ccc(C(F)(F)F)cc3)oc2C)c2ccccc12)C(=O)O,Full Agonist,0.135
CHEMBL508299,Cc1oc(-c2ccc(-c3ccccc3)cc2)nc1CCOc1ccc(C[C@H](OCC(F)(F)F)C(=O)O)c2ccccc12,Full Agonist,0.079
CHEMBL484329,CO[C@H](Cc1ccc(OCCc2nc(-c3ccccc3)oc2C)c2ccccc12)C(=O)O,Full Agonist,0.09200001
CHEMBL484330,CO[C@@H](Cc1ccc(OCCc2nc(-c3ccccc3)oc2C)c2sccc12)C(=O)O,Full Agonist,0.17400001
CHEMBL519351,CCO[C@@H](Cc1ccc(OCCc2nc(-c3ccccc3)oc2C)c2sccc12)C(=O)O,Full Agonist,0.089
CHEMBL474295,CC(=O)c1ccccc1N[C@@H](Cc1ccc(OCCc2nc(-c3ccccc3)oc2C)cc1)C(=O)O,Full Agonist,0.1
CHEMBL981,CC(C)(Oc1ccc(C(=O)c2ccc(Cl)cc2)cc1)C(=O)O,Full Agonist,0.011000001
CHEMBL490029,CC[C@@H](Oc1cccc(-n2c(C)c(C(=O)c3ccc(OC)cc3)c3ccc(OC(F)(F)F)cc32)c1)C(=O)O,Full Agonist,0.033
CHEMBL121,CN(CCOc1ccc(CC2SC(=O)NC2=O)cc1)c1ccccn1,Full Agonist,0.001
CHEMBL555484,CO/N=C(\c1ccccc1)c1ccc2c(c1)C(C)(C)CCN2CCOc1ccc(C[C@H](Nc2ccccc2C(=O)c2ccccc2)C(=O)O)cc1,Full Agonist,0.011000001
CHEMBL554562,CO/N=C(\c1ccccc1)c1ccc2c(c1)C(C)(C)CCN2CCOc1ccc(C[C@H](OCC(F)(F)F)C(=O)O)cc1,Full Agonist,0.05
CHEMBL537921,CCO[C@@H](Cc1ccc(OCCN2CCC(C)(C)c3cc(/C(=N/OCC4CC4)c4ccccc4)ccc32)cc1)C(=O)O,Full Agonist,0.14500001
CHEMBL556643,CCO[C@@H](Cc1ccc(OCCN2CCC(C)(C)c3cc(/C(=N/OCc4ccccc4)c4ccccc4)ccc32)cc1)C(=O)O,Full Agonist,0.13700001
CHEMBL562659,C=CCO/N=C(\c1ccccc1)c1ccc2c(c1)C(C)(C)CCN2CCOc1ccc(C[C@H](OCC)C(=O)O)cc1,Full Agonist,0.15200001
CHEMBL565198,CCO[C@@H](Cc1ccc(OCCN2CCC(C)(C)c3cc(/C(=N/OC)c4ccccc4)ccc32)cc1)C(=O)O,Full Agonist,0.063
CHEMBL552347,CCCCC(Sc1ccc(OCCCOc2ccccc2)cc1)C(=O)O,Full Agonist,0.076000005
CHEMBL549723,CCCCC(Sc1ccc(OCCCOc2ccccc2C)cc1)C(=O)O,Full Agonist,0.064
CHEMBL560484,CCCCC(Sc1ccc(OCCCOc2cccc(C)c2)cc1)C(=O)O,Full Agonist,0.080000006
CHEMBL557342,CCCCC(Sc1ccc(OCCCOc2ccc(C)cc2)cc1)C(=O)O,Full Agonist,0.091000006
CHEMBL561544,CCCCC(Sc1ccc(OCCCOc2ccc(C)c(C)c2)cc1)C(=O)O,Full Agonist,0.072000004
CHEMBL558141,CCCCC(Sc1ccc(OCCCOc2cccc(C)c2C)cc1)C(=O)O,Full Agonist,0.113000005
CHEMBL551479,CCCC[C@@H](Sc1ccc(OCCCOc2cccc(C)c2C)cc1)C(=O)O,Full Agonist,0.115
CHEMBL551480,CCCC[C@H](Sc1ccc(OCCCOc2cccc(C)c2C)cc1)C(=O)O,Full Agonist,0.094000004
CHEMBL558072,CCCCC(Sc1ccc(OCCCOc2cccc3c2CCCC3)cc1)C(=O)O,Full Agonist,0.101
CHEMBL560205,CCCCC(Sc1ccc(OCCCOc2ccccc2OC)cc1)C(=O)O,Full Agonist,0.09200001
CHEMBL550332,CCCCC(Sc1ccc(OCCCOc2cccc(OC)c2)cc1)C(=O)O,Full Agonist,0.085
CHEMBL561284,CCCCC(Sc1ccc(OCCCOc2ccccc2C(C)C)cc1)C(=O)O,Full Agonist,0.089
CHEMBL563546,CCCCC(Sc1ccc(OCCCOc2cccc(C(C)C)c2)cc1)C(=O)O,Full Agonist,0.098000005
CHEMBL564017,CCCCC(Sc1ccc(OCCCOc2cccc(C(F)(F)F)c2)cc1)C(=O)O,Full Agonist,0.075
CHEMBL551884,CCCCC(Sc1ccc(OCCCOc2ccc(Cl)c(C(F)(F)F)c2)cc1)C(=O)O,Full Agonist,0.065000005
CHEMBL563351,CCCCC(Sc1ccc(OCCCOc2ccc(-c3ccccc3)cc2)cc1)C(=O)O,Full Agonist,0.125
CHEMBL551420,CCCCC(Sc1ccc(OCCCOc2ccc3ncccc3c2)cc1)C(=O)O,Full Agonist,0.095000006
CHEMBL562786,Cc1cccc(OCCCOc2ccc(SCC(=O)O)cc2)c1C,Full Agonist,0.081
CHEMBL561006,Cc1cccc(OCCCOc2ccc(CCC(=O)O)cc2)c1C,Full Agonist,0.063
CHEMBL559752,CCCCC(Cc1ccc(OCCCOc2cccc(C)c2C)cc1)C(=O)O,Full Agonist,0.07300001
CHEMBL571763,CCCc1nc2c(C)cc(-c3nc4ccccc4n3C)cc2n1CCOc1ccc(CC(C)(Oc2ccccc2)C(=O)OCC)cc1,Full Agonist,0.015000001
CHEMBL584704,CCCc1nc2c(C)cccc2n1CCOc1ccc(CC(C)(Oc2ccccc2)C(=O)OCC)cc1,Full Agonist,0.093
CHEMBL590341,C/C(=N\OCCCCO/N=C(/CCC(=O)O)c1ccccc1)c1ccccc1,Full Agonist,0.046000004
CHEMBL591055,C/C(=N\OCCCCO/N=C(/CCC(=O)O)c1ccccc1)c1ccc(F)cc1,Full Agonist,0.101
CHEMBL606462,C/C(=N\OCCCCO/N=C(/CCC(=O)O)c1ccccc1)c1ccc(C)cc1,Full Agonist,0.078
CHEMBL591533,COc1ccc(/C(C)=N/OCCCCO/N=C(/CCC(=O)O)c2ccccc2)cc1,Full Agonist,0.102000006
CHEMBL591534,C/C(=N\OCCCCO/N=C(/CCC(=O)O)c1ccccc1)c1ccc(C(F)(F)F)cc1,Full Agonist,0.079
CHEMBL591539,C/C(=N\OCCCCO/N=C(/CCC(=O)O)c1ccccc1)c1ccc(S(C)(=O)=O)cc1,Full Agonist,0.041
CHEMBL591347,CCCCc1cccc(/C(C)=N/OCCCCO/N=C(/CCC(=O)O)c2ccccc2)c1,Full Agonist,0.085
CHEMBL591348,C/C(=N\OCCCCO/N=C(/CCC(=O)O)c1ccccc1)c1cccc(-c2ccccc2)c1,Full Agonist,0.083000004
CHEMBL589256,C/C(=N\OCCCCO/N=C(/CCC(=O)O)c1ccccc1)c1ccc2ccccc2c1,Full Agonist,0.061000004
CHEMBL592234,C/C(=N\OCCCCO/N=C(/CCC(=O)O)c1ccccc1)c1ccc2c(c1)CCCC2,Full Agonist,0.086
CHEMBL592235,COc1ccc(/C(C)=N/OCCCCO/N=C(/CCC(=O)O)c2ccccc2)cc1OC,Full Agonist,0.136
CHEMBL592236,C/C(=N\OCCCCO/N=C(/CCC(=O)O)c1ccccc1)c1ccc(C)c(C)c1,Full Agonist,0.089
CHEMBL603612,COc1cc(/C(C)=N/OCCCCO/N=C(/CCC(=O)O)c2ccccc2)ccc1C,Full Agonist,0.257
CHEMBL589747,COc1cc(/C(C)=N/OCCCCO/N=C(/CCC(=O)O)c2ccccc2)ccc1F,Full Agonist,0.12200001
CHEMBL592054,Cc1oc(-c2ccccc2)nc1COc1ccc(CO/N=C(\CCC(=O)O)c2ccccc2)cc1,Full Agonist,0.116000004
CHEMBL601861,CCC(C(=O)Nc1ccc2c(c1)c(C)c(C)n2Cc1ccc(-c2ccccc2C(=O)O)cc1)c1ccccc1,Full Agonist,0.045
CHEMBL602263,CCC(NC(=O)c1ccc2c(c1)cc(C)n2Cc1ccc(-c2ccccc2C(=O)O)cc1)c1ccccc1,Full Agonist,0.11400001
CHEMBL1076843,C/C=C1/C(O[C@@H]2O[C@H](CO[C@@H]3O[C@H](CO)[C@@H](O)[C@H](O)[C@H]3O)[C@@H](O)[C@H](O)[C@H]2O)OC=C(C(=O)OC)[C@H]1CC(=O)OCCc1ccc(O)cc1,Full Agonist,0.0248
CHEMBL1076842,O=C(O)C1CN2C(N1)[C@H](O)[C@@H](O)[C@H](O)[C@H]2CO,Full Agonist,0.021000002
CHEMBL1087778,C/C=C1\[C@H](O[C@@H]2O[C@H](CO)[C@@H](O)[C@H](O)[C@H]2O)OC=C(C(=O)OC)[C@H]1CC(=O)OC,Full Agonist,0.027900001
CHEMBL1076818,C/C=C1\C(CC(=O)OC[C@H]2O[C@@H](OCCc3ccc(O)cc3)[C@H](O)[C@@H](O)[C@@H]2O)C(C(=O)OC)=CO[C@H]1O[C@@H]1O[C@H](CO)[C@@H](O)[C@H](O)[C@H]1O,Full Agonist,0.012200001
CHEMBL295416,Cc1cccc(Nc2cc(Cl)nc(SCC(=O)O)n2)c1C,Full Agonist,0.1
CHEMBL295416,Cc1cccc(Nc2cc(Cl)nc(SCC(=O)O)n2)c1C,Full Agonist,0.062800005
CHEMBL295416,Cc1cccc(Nc2cc(Cl)nc(SCC(=O)O)n2)c1C,Full Agonist,0.036700003
CHEMBL295416,Cc1cccc(Nc2cc(Cl)nc(SCC(=O)O)n2)c1C,Full Agonist,0.0173
CHEMBL295416,Cc1cccc(Nc2cc(Cl)nc(SCC(=O)O)n2)c1C,Full Agonist,0.013
CHEMBL21241,CC(C)(Sc1ccc(CCN(CCCCC2CCCCC2)C(=O)NC2CCCCC2)cc1)C(=O)O,Full Agonist,0.1
CHEMBL981,CC(C)(Oc1ccc(C(=O)c2ccc(Cl)cc2)cc1)C(=O)O,Full Agonist,0.1
CHEMBL1760555,Cc1ccc(C(=O)c2nccn2C/C=C/c2cccc(OC(C)(C)C(=O)O)c2)cc1,Full Agonist,0.056
CHEMBL1760556,Cc1ccc(C(=O)c2nc(C)c(C)n2C/C=C/c2cccc(OC(C)(C)C(=O)O)c2)cc1,Full Agonist,0.060000002
CHEMBL1760557,Cc1ccc(C(=O)c2nc3c(n2C/C=C/c2cccc(OC(C)(C)C(=O)O)c2)CCCC3)cc1,Full Agonist,0.060000002
CHEMBL1760558,Cc1ccc(C(=O)c2nc3ccccc3n2C/C=C/c2cccc(OC(C)(C)C(=O)O)c2)cc1,Full Agonist,0.042000003
CHEMBL1760559,Cc1ccc(C(=O)c2nc3ccccc3n2/C=C/c2cccc(OC(C)(C)C(=O)O)c2)cc1,Full Agonist,0.044000003
CHEMBL169,C[C@@H]1[C@H]2C3=CC[C@@H]4[C@@]5(C)CC[C@H](O)C(C)(C)[C@@H]5CC[C@@]4(C)[C@]3(C)CC[C@@]2(C(=O)O)CC[C@H]1C,Full Agonist,0.21400002
CHEMBL169,C[C@@H]1[C@H]2C3=CC[C@@H]4[C@@]5(C)CC[C@H](O)C(C)(C)[C@@H]5CC[C@@]4(C)[C@]3(C)CC[C@@]2(C(=O)O)CC[C@H]1C,Full Agonist,0.046000004
CHEMBL169,C[C@@H]1[C@H]2C3=CC[C@@H]4[C@@]5(C)CC[C@H](O)C(C)(C)[C@@H]5CC[C@@]4(C)[C@]3(C)CC[C@@]2(C(=O)O)CC[C@H]1C,Full Agonist,0.185
CHEMBL169,C[C@@H]1[C@H]2C3=CC[C@@H]4[C@@]5(C)CC[C@H](O)C(C)(C)[C@@H]5CC[C@@]4(C)[C@]3(C)CC[C@@]2(C(=O)O)CC[C@H]1C,Full Agonist,0.134
CHEMBL169,C[C@@H]1[C@H]2C3=CC[C@@H]4[C@@]5(C)CC[C@H](O)C(C)(C)[C@@H]5CC[C@@]4(C)[C@]3(C)CC[C@@]2(C(=O)O)CC[C@H]1C,Full Agonist,0.156
CHEMBL169,C[C@@H]1[C@H]2C3=CC[C@@H]4[C@@]5(C)CC[C@H](O)C(C)(C)[C@@H]5CC[C@@]4(C)[C@]3(C)CC[C@@]2(C(=O)O)CC[C@H]1C,Full Agonist,0.19500001
CHEMBL169,C[C@@H]1[C@H]2C3=CC[C@@H]4[C@@]5(C)CC[C@H](O)C(C)(C)[C@@H]5CC[C@@]4(C)[C@]3(C)CC[C@@]2(C(=O)O)CC[C@H]1C,Full Agonist,1.021
CHEMBL169,C[C@@H]1[C@H]2C3=CC[C@@H]4[C@@]5(C)CC[C@H](O)C(C)(C)[C@@H]5CC[C@@]4(C)[C@]3(C)CC[C@@]2(C(=O)O)CC[C@H]1C,Full Agonist,0.023000002
CHEMBL169,C[C@@H]1[C@H]2C3=CC[C@@H]4[C@@]5(C)CC[C@H](O)C(C)(C)[C@@H]5CC[C@@]4(C)[C@]3(C)CC[C@@]2(C(=O)O)CC[C@H]1C,Full Agonist,0.015000001
CHEMBL169,C[C@@H]1[C@H]2C3=CC[C@@H]4[C@@]5(C)CC[C@H](O)C(C)(C)[C@@H]5CC[C@@]4(C)[C@]3(C)CC[C@@]2(C(=O)O)CC[C@H]1C,Full Agonist,0.028
CHEMBL169,C[C@@H]1[C@H]2C3=CC[C@@H]4[C@@]5(C)CC[C@H](O)C(C)(C)[C@@H]5CC[C@@]4(C)[C@]3(C)CC[C@@]2(C(=O)O)CC[C@H]1C,Full Agonist,0.024
CHEMBL169,C[C@@H]1[C@H]2C3=CC[C@@H]4[C@@]5(C)CC[C@H](O)C(C)(C)[C@@H]5CC[C@@]4(C)[C@]3(C)CC[C@@]2(C(=O)O)CC[C@H]1C,Full Agonist,0.259
CHEMBL1933842,CC(C)CCS(=O)(=O)NC(=O)/C=C/c1cc(OC(C)C)nn1Cc1ccc(C(F)(F)F)cc1Cl,Full Agonist,0.048
CHEMBL1933843,COCCOc1cc(/C=C/C(=O)NS(=O)(=O)CCC(C)C)n(Cc2ccc(C(F)(F)F)cc2Cl)n1,Full Agonist,0.047000002
CHEMBL2153834,CCCC(Sc1nc2ccc(OCC)cc2s1)C(=O)NS(C)(=O)=O,Full Agonist,0.1374
CHEMBL2153835,CCCC(Sc1nc2cc(Cl)ccc2s1)C(=O)NS(C)(=O)=O,Full Agonist,0.080900006
CHEMBL2153837,CCCCC(Sc1nc2cc(Cl)ccc2s1)C(=O)NS(C)(=O)=O,Full Agonist,0.1167
CHEMBL2153839,CS(=O)(=O)NC(=O)C(Sc1nc2cc(Cl)ccc2s1)c1ccccc1,Full Agonist,0.095300004
CHEMBL2153840,CC(C)(Oc1ccc(Cl)cc1)C(=O)NS(C)(=O)=O,Full Agonist,0.1212
CHEMBL2153841,CC(C)(Oc1ccc(C(=O)c2ccc(Cl)cc2)cc1)C(=O)NS(C)(=O)=O,Full Agonist,0.1285
CHEMBL2153843,Cc1ccc(C)c(OCCCC(C)(C)C(=O)NS(C)(=O)=O)c1,Full Agonist,0.11800001
CHEMBL2180636,O=C(NCc1ccc(Cn2cccc2C(=O)O)cc1)Nc1ccc(OC(F)(F)F)cc1,Full Agonist,0.067
CHEMBL2180635,O=C(NCc1cccc(Cn2cccc2C(=O)O)c1)Nc1ccc(OC(F)(F)F)cc1,Full Agonist,0.058000002
CHEMBL2180634,O=C(NCc1ccccc1Cn1cccc1C(=O)O)Nc1ccc(OC(F)(F)F)cc1,Full Agonist,0.038000003
CHEMBL2324493,CCCCCCCCCCCCCCCC(=O)N[C@H](CO)C(C)C,Full Agonist,0.002
CHEMBL2324495,CCCCCCCCCCCCCCCCCC(=O)N[C@H](CO)C(C)C,Full Agonist,0.0
CHEMBL2324494,CCCCCCCC/C=C/CCCCCCCC(=O)N[C@@H](CO)C(C)C,Full Agonist,0.0
CHEMBL2324496,CCCCCCCC/C=C/CCCCCCCC(=O)N[C@H](CO)C(C)C,Full Agonist,0.0
CHEMBL2324497,CCCCCCCC/C=C\CCCCCCCC(=O)N[C@@H](CO)C(C)C,Full Agonist,0.0
CHEMBL2324498,CCCCCCCC/C=C\CCCCCCCC(=O)N[C@H](CO)C(C)C,Full Agonist,0.002
CHEMBL39176,N[C@@H](Cc1c[nH]c2ccccc12)C(=O)N[C@@H](CCC(=O)O)C(=O)O,Full Agonist,0.053000003
CHEMBL39176,N[C@@H](Cc1c[nH]c2ccccc12)C(=O)N[C@@H](CCC(=O)O)C(=O)O,Full Agonist,0.062000003
CHEMBL21241,CC(C)(Sc1ccc(CCN(CCCCC2CCCCC2)C(=O)NC2CCCCC2)cc1)C(=O)O,Full Agonist,0.098000005
CHEMBL3360190,C=C1CC/C=C/CC[C@@H]2[C@@H]1CC2(C)C,Full Agonist,0.031000001
CHEMBL3360190,C=C1CC/C=C/CC[C@@H]2[C@@H]1CC2(C)C,Full Agonist,0.0168
CHEMBL3360190,C=C1CC/C=C/CC[C@@H]2[C@@H]1CC2(C)C,Full Agonist,0.091000006
CHEMBL3360190,C=C1CC/C=C/CC[C@@H]2[C@@H]1CC2(C)C,Full Agonist,0.115
CHEMBL3360190,C=C1CC/C=C/CC[C@@H]2[C@@H]1CC2(C)C,Full Agonist,0.23200001
CHEMBL3360190,C=C1CC/C=C/CC[C@@H]2[C@@H]1CC2(C)C,Full Agonist,0.432
CHEMBL3360190,C=C1CC/C=C/CC[C@@H]2[C@@H]1CC2(C)C,Full Agonist,0.149
CHEMBL3360190,C=C1CC/C=C/CC[C@@H]2[C@@H]1CC2(C)C,Full Agonist,0.29500002
CHEMBL3360190,C=C1CC/C=C/CC[C@@H]2[C@@H]1CC2(C)C,Full Agonist,0.065000005
CHEMBL3360190,C=C1CC/C=C/CC[C@@H]2[C@@H]1CC2(C)C,Full Agonist,0.033
CHEMBL3094431,CCCCCCC(Sc1nc(Cl)cc(Nc2nc(-c3ccc(Cl)cc3)cs2)n1)C(=O)O,Full Agonist,0.057000004
CHEMBL3094432,CCCCC(Sc1nc(Cl)cc(Nc2nc(-c3ccc(Cl)cc3)cs2)n1)C(=O)O,Full Agonist,0.057000004
CHEMBL3094433,CCC(Sc1nc(Cl)cc(Nc2nc(-c3ccc(Cl)cc3)cs2)n1)C(=O)O,Full Agonist,0.051000003
CHEMBL3091499,CCCCCCC(Sc1nc(Cl)cc(Nc2nc(-c3ccc(C)cc3)cs2)n1)C(=O)O,Full Agonist,0.125
CHEMBL3094415,CCCCCCC(Sc1nc(Cl)cc(Nc2nc(-c3ccc(F)c(F)c3)cs2)n1)C(=O)O,Full Agonist,0.07
CHEMBL3094417,CCCCCCC(Sc1nc(Cl)cc(Nc2nc(-c3ccc([N+](=O)[O-])cc3)cs2)n1)C(=O)O,Full Agonist,0.08940001
CHEMBL3094426,CCCCCCC(Sc1nc(Cl)cc(Nc2nc(-c3ccc(Br)cc3)c(C)s2)n1)C(=O)O,Full Agonist,0.102000006
CHEMBL3094410,CCCCCCC(Sc1nc(Cl)cc(Nc2nc3c(s2)CCc2cc(OC)ccc2-3)n1)C(=O)O,Full Agonist,0.22940001
CHEMBL3091496,O=C(O)CSc1nc(Cl)cc(Nc2nc(-c3ccc(Cl)cc3)cs2)n1,Full Agonist,0.024700003
CHEMBL3094416,CCCCCCC(Sc1nc(Cl)cc(Nc2nc(-c3ccc(F)cc3F)cs2)n1)C(=O)O,Full Agonist,0.018000001
CHEMBL3091498,CCCCCCC(Sc1nc(Cl)cc(Nc2nc(-c3ccccc3)cs2)n1)C(=O)O,Full Agonist,0.055360004
CHEMBL3094412,CCCCCCC(Sc1nc(Cl)cc(Nc2nc(-c3ccc4ccccc4c3)cs2)n1)C(=O)O,Full Agonist,0.037
CHEMBL3094425,CCCCCCC(Sc1nc(Cl)cc(Nc2nc(-c3ccccc3)c(C)s2)n1)C(=O)O,Full Agonist,0.023000002
CHEMBL3094418,CCCCCCC(Sc1nc(Cl)cc(Nc2nc(-c3ccc4c(c3)CCCC4)cs2)n1)C(=O)O,Full Agonist,0.05294
CHEMBL3353021,CCCCC/C=C\C/C=C\CCCCCCCC(=O)O[C@H]1C2=C3CC[C@H]([C@H](C)/C=C/[C@H](C)C(C)C)[C@@]3(C)CC[C@@H]2[C@@]2(C)CC[C@H](O)C[C@@]23O[C@@H]13,Full Agonist,0.3456
CHEMBL3353020,CCCCCCCC/C=C\CCCCCCCC(=O)O[C@H]1C2=C3CC[C@H]([C@H](C)/C=C/[C@H](C)C(C)C)[C@@]3(C)CC[C@@H]2[C@@]2(C)CC[C@H](O)C[C@@]23O[C@@H]13,Full Agonist,0.2969
CHEMBL3353021,CCCCC/C=C\C/C=C\CCCCCCCC(=O)O[C@H]1C2=C3CC[C@H]([C@H](C)/C=C/[C@H](C)C(C)C)[C@@]3(C)CC[C@@H]2[C@@]2(C)CC[C@H](O)C[C@@]23O[C@@H]13,Full Agonist,0.30940002
CHEMBL3353020,CCCCCCCC/C=C\CCCCCCCC(=O)O[C@H]1C2=C3CC[C@H]([C@H](C)/C=C/[C@H](C)C(C)C)[C@@]3(C)CC[C@@H]2[C@@]2(C)CC[C@H](O)C[C@@]23O[C@@H]13,Full Agonist,0.289
CHEMBL3353020,CCCCCCCC/C=C\CCCCCCCC(=O)O[C@H]1C2=C3CC[C@H]([C@H](C)/C=C/[C@H](C)C(C)C)[C@@]3(C)CC[C@@H]2[C@@]2(C)CC[C@H](O)C[C@@]23O[C@@H]13,Full Agonist,0.31360003
CHEMBL3353021,CCCCC/C=C\C/C=C\CCCCCCCC(=O)O[C@H]1C2=C3CC[C@H]([C@H](C)/C=C/[C@H](C)C(C)C)[C@@]3(C)CC[C@@H]2[C@@]2(C)CC[C@H](O)C[C@@]23O[C@@H]13,Full Agonist,0.38650003
CHEMBL557555,CC(C)(Oc1ccc(C2CC2(Cl)Cl)cc1)C(=O)O,Full Agonist,0.3106
CHEMBL3596632,[2H]C([2H])([2H])N(C(=O)c1c(F)cccc1Cl)c1ccc(-c2cc(C(N)=O)ccc2Cl)cc1OCC(F)(F)F,Full Agonist,0.05
CHEMBL316370,O=C1NC(=O)C(Cc2ccc(OCc3ccccc3)cc2)S1,Full Agonist,0.034900002
CHEMBL3758549,O=C1NC(=O)C(Cc2ccc(OCc3cccc(Br)c3)cc2)S1,Full Agonist,0.08840001
CHEMBL3759133,O=C1NC(=O)C(Cc2ccc(OCc3ccc(Br)cc3)cc2)S1,Full Agonist,0.093
CHEMBL3759467,O=C1NC(=O)C(Cc2ccc(OCc3cccc(-c4ccccc4)c3)cc2)S1,Full Agonist,0.034900002
CHEMBL3759922,Cc1ccccc1-c1cccc(COc2ccc(CC3SC(=O)NC3=O)cc2)c1,Full Agonist,0.012600001
CHEMBL3759212,Cc1cccc(C)c1-c1cccc(COc2ccc(CC3SC(=O)NC3=O)cc2)c1,Full Agonist,0.008100001
CHEMBL3758553,O=C1NC(=O)C(Cc2ccc(OCc3cccc(-c4ccc(C(F)(F)F)cc4)c3)cc2)S1,Full Agonist,0.000100000005
CHEMBL3758701,O=C1NC(=O)C(Cc2ccc(OCC[C@H](Oc3ccccc3)c3ccccc3)cc2)S1,Full Agonist,0.0026
CHEMBL3758572,Cc1cccc(O[C@@H](CCOc2ccc(CC3SC(=O)NC3=O)cc2)c2ccccc2)c1,Full Agonist,0.008100001
CHEMBL3758596,Cc1ccc(O[C@@H](CCOc2ccc(CC3SC(=O)NC3=O)cc2)c2ccccc2)cc1,Full Agonist,0.0091
CHEMBL3759866,COc1cccc(O[C@@H](CCOc2ccc(CC3SC(=O)NC3=O)cc2)c2ccccc2)c1,Full Agonist,0.011600001
CHEMBL3759746,O=C1NC(=O)C(Cc2ccc(OCC[C@H](Oc3ccc(C(F)(F)F)cc3)c3ccccc3)cc2)S1,Full Agonist,0.0026
CHEMBL3759913,O=C1NC(=O)C(Cc2ccc(OCC[C@H](Oc3ccc(Cl)cc3)c3ccccc3)cc2)S1,Full Agonist,0.0053000003
CHEMBL3758719,O=C1NC(=O)C(Cc2ccc(OCC[C@H](Oc3ccc(Cl)cc3Cl)c3ccccc3)cc2)S1,Full Agonist,0.0042
CHEMBL3758919,O=C1NC(=O)C(Cc2ccc(OCc3nc4ccccc4n3Cc3ccccc3)cc2)S1,Full Agonist,0.06740001
CHEMBL3758197,CC(C)Cn1c(COc2ccc(CC3SC(=O)NC3=O)cc2)nc2ccccc21,Full Agonist,0.055800002
CHEMBL3758885,C=CCn1c(COc2ccc(CC3SC(=O)NC3=O)cc2)nc2ccccc21,Full Agonist,0.1279
CHEMBL3759448,CC(C)n1c(COc2ccc(CC3SC(=O)NC3=O)cc2)nc2ccccc21,Full Agonist,0.06740001
CHEMBL3758804,O=C1NC(=O)C(Cc2ccc(OCc3nc4ccccc4n3C3CCCC3)cc2)S1,Full Agonist,0.008600001
CHEMBL3764607,CCC(Cc1cccc(C(=O)NCc2ccccc2C(F)(F)F)c1)C(=O)O,Full Agonist,0.034
CHEMBL3765160,CCOC(=O)C(CC)Cc1ccc(C(=O)NCc2ccccc2C)cc1,Full Agonist,0.015000001
CHEMBL3763432,CCOC(=O)C(CC)Cc1ccc(C(=O)NCc2ccc(C(F)(F)F)cc2)cc1,Full Agonist,0.022000002
CHEMBL3764792,CCOC(=O)C(CC)Cc1ccc(C(=O)NCc2ccc(OC)cc2C(F)(F)F)cc1,Full Agonist,0.022000002
CHEMBL3764398,CCC(Cc1ccc(C(=O)NCc2ccc(OC)cc2C(F)(F)F)cc1)C(=O)O,Full Agonist,0.029000001
CHEMBL3980898,CO[C@H]1C[C@H](Oc2cc(F)c(F)c(-c3ccc4c(c3)CC[C@H](CCC(=O)O)O4)n2)C1,Full Agonist,0.010000001
CHEMBL3919973,O=C(O)CC1CCC2(CC1)CCN(c1cc(OC(F)(F)F)ccc1Cl)CC2,Full Agonist,0.010000001
CHEMBL4092600,C[C@H](Oc1ccc(Cc2ccc(OCc3coc(-c4ccccc4)n3)cc2)cc1)C(=O)O,Full Agonist,0.030000001
CHEMBL4073499,C[C@@H](Oc1ccc(Cc2ccc(OCc3coc(-c4ccccc4)n3)cc2)cc1)C(=O)O,Full Agonist,0.030000001
CHEMBL4100336,Cc1oc(-c2ccccc2)nc1COc1ccc(Cc2ccc(OC(C)C(=O)O)cc2)cc1,Full Agonist,0.030000001
CHEMBL295416,Cc1cccc(Nc2cc(Cl)nc(SCC(=O)O)n2)c1C,Full Agonist,0.030000001
CHEMBL4074391,O=C(O)CCc1cc2cc(Cl)ccc2n1S(=O)(=O)c1ccccc1,Full Agonist,0.0050000004
CHEMBL4091374,O=C(O)CCCc1cc2cc(Cl)ccc2n1S(=O)(=O)c1ccc2ncsc2c1,Full Agonist,0.044000003
CHEMBL4091374,O=C(O)CCCc1cc2cc(Cl)ccc2n1S(=O)(=O)c1ccc2ncsc2c1,Full Agonist,0.079
CHEMBL4074391,O=C(O)CCc1cc2cc(Cl)ccc2n1S(=O)(=O)c1ccccc1,Full Agonist,0.045
CHEMBL4091374,O=C(O)CCCc1cc2cc(Cl)ccc2n1S(=O)(=O)c1ccc2ncsc2c1,Full Agonist,0.113000005
CHEMBL4074391,O=C(O)CCc1cc2cc(Cl)ccc2n1S(=O)(=O)c1ccccc1,Full Agonist,0.096
CHEMBL4091374,O=C(O)CCCc1cc2cc(Cl)ccc2n1S(=O)(=O)c1ccc2ncsc2c1,Full Agonist,0.120000005
CHEMBL3719135,CC(C)n1nc(-c2cnc(N)c(OC(F)(F)F)c2)cc1[C@@H]1[C@H]2CN(C3COC3)C[C@H]21,Full Agonist,0.05
CHEMBL3715238,Nc1ncc(-c2cc([C@@H]3[C@H]4CN(C5COC5)C[C@H]43)n(CC3CC3)n2)cc1C(F)(F)F,Full Agonist,0.05
CHEMBL4460024,Cc1cc(Cc2onc3c2CCOc2cc(Br)ccc2-3)cc(C)c1OC(C)(C)C(=O)O,Full Agonist,0.085
CHEMBL4483327,Cc1cc(Cc2noc3c2CCOc2cc(Br)ccc2-3)cc(C)c1OC(C)(C)C(=O)O,Full Agonist,0.05
CHEMBL4566817,Cc1cc(Cc2cnoc2-c2ccc(Br)cc2)cc(C)c1OC(C)(C)C(=O)O,Full Agonist,0.078
CHEMBL4436335,Cc1cc(CCc2cc(-c3ccc(Br)cc3)on2)cc(C)c1OC(C)(C)C(=O)O,Full Agonist,0.134
CHEMBL4470753,Cc1cc(Cc2cc(-c3ccc(Br)cc3)on2)cc(C)c1OC(C)(C)C(=O)O,Full Agonist,0.09200001
CHEMBL4516239,Cc1cc(Cc2cc(-c3ccccc3)on2)cc(C)c1OC(C)(C)C(=O)O,Full Agonist,0.085
CHEMBL4587533,Cc1cc(-c2cc(-c3ccc(Br)cc3)on2)cc(C)c1OC(C)(C)C(=O)O,Full Agonist,0.0050000004
CHEMBL3707395,CSc1ccc(C(=O)/C=C/c2cc(C)c(OC(C)(C)C(=O)O)c(C)c2)cc1,Full Agonist,0.117000006
CHEMBL4797877,COc1ccc(OC)c(/C=C/C(=O)OCc2cc(=O)c(O)co2)c1,Full Agonist,0.059000004
CHEMBL4743677,CCCCCCCCOc1ccc(C(=O)N[C@H](C(=O)O)C(C)C)cc1,Full Agonist,0.075600006
CHEMBL264374,CC(C)(Oc1ccc(CCNC(=O)c2ccc(Cl)cc2)cc1)C(=O)O,Full Agonist,0.035400003
CHEMBL592652,COC(=O)c1sccc1S(=O)(=O)Nc1ccc(Nc2ccccc2)cc1OC,Full Agonist,0.0124
CHEMBL38943,Cc1cc(SCc2sc(-c3ccc(C(F)(F)F)cc3)nc2C)ccc1OCC(=O)O,Full Agonist,0.044900004
CHEMBL595,CCc1ccc(CCOc2ccc(CC3SC(=O)NC3=O)cc2)nc1,Full Agonist,0.0035
CHEMBL4762480,O[C@@H]1CO[C@@H](Cn2cnc3c(NCc4cccc(I)c4)ncnc32)[C@@H]1O,Full Agonist,0.0017000001
CHEMBL4777204,O[C@@H]1CO[C@@H](Cn2cnc3c(NCc4cccc(Br)c4)ncnc32)[C@@H]1O,Full Agonist,0.0056000003
CHEMBL4758148,O[C@@H]1CO[C@@H](Cn2cnc3c(NCc4cccc(Cl)c4)ncnc32)[C@@H]1O,Full Agonist,0.008300001
CHEMBL4792439,O[C@@H]1CO[C@@H](Cn2cnc3c(NCc4cccc(F)c4)ncnc32)[C@@H]1O,Full Agonist,0.0014000001
CHEMBL4758410,O[C@@H]1CO[C@@H](Cn2cnc3c(NCc4cccc(I)c4)nc(Cl)nc32)[C@@H]1O,Full Agonist,0.0003
CHEMBL4748172,O[C@@H]1CO[C@@H](Cn2cnc3c(NCc4cccc(Br)c4)nc(Cl)nc32)[C@@H]1O,Full Agonist,0.023200002
CHEMBL4799672,O[C@@H]1CO[C@@H](Cn2cnc3c(NCc4cccc(Cl)c4)nc(Cl)nc32)[C@@H]1O,Full Agonist,0.0036000002
CHEMBL4792740,O[C@@H]1CO[C@@H](Cn2cnc3c(NCc4cccc(F)c4)nc(Cl)nc32)[C@@H]1O,Full Agonist,0.0050000004
CHEMBL4740559,CC#Cc1nc(NCc2cccc(I)c2)c2ncn(C[C@@H]3SC[C@@H](O)[C@H]3O)c2n1,Full Agonist,0.024
CHEMBL4760772,CC#Cc1nc(NCc2cccc(Br)c2)c2ncn(C[C@@H]3SC[C@@H](O)[C@H]3O)c2n1,Full Agonist,0.012800001
CHEMBL4784529,CC#Cc1nc(NCc2cccc(Cl)c2)c2ncn(C[C@@H]3SC[C@@H](O)[C@H]3O)c2n1,Full Agonist,0.012600001
CHEMBL4756797,CC#Cc1nc(NCc2cccc(F)c2)c2ncn(C[C@@H]3SC[C@@H](O)[C@H]3O)c2n1,Full Agonist,0.015500001
CHEMBL1254589,O[C@@H]1CS[C@@H](Cn2cnc3c(NCc4cccc(I)c4)ncnc32)[C@@H]1O,Full Agonist,0.0094
CHEMBL1254588,O[C@@H]1CS[C@@H](Cn2cnc3c(NCc4cccc(Br)c4)ncnc32)[C@@H]1O,Full Agonist,0.0054
CHEMBL1254509,O[C@@H]1CS[C@@H](Cn2cnc3c(NCc4cccc(Cl)c4)ncnc32)[C@@H]1O,Full Agonist,0.0077
CHEMBL1254508,O[C@@H]1CS[C@@H](Cn2cnc3c(NCc4cccc(F)c4)ncnc32)[C@@H]1O,Full Agonist,0.025600001
CHEMBL1254751,O[C@@H]1CS[C@@H](Cn2cnc3c(NCc4cccc(I)c4)nc(Cl)nc32)[C@@H]1O,Full Agonist,0.0204
CHEMBL1254750,O[C@@H]1CS[C@@H](Cn2cnc3c(NCc4cccc(Br)c4)nc(Cl)nc32)[C@@H]1O,Full Agonist,0.003
CHEMBL1254668,O[C@@H]1CS[C@@H](Cn2cnc3c(NCc4cccc(Cl)c4)nc(Cl)nc32)[C@@H]1O,Full Agonist,0.012800001
CHEMBL1254667,O[C@@H]1CS[C@@H](Cn2cnc3c(NCc4cccc(F)c4)nc(Cl)nc32)[C@@H]1O,Full Agonist,0.015500001
CHEMBL413686,O[C@@H]1CS[C@@H](n2cnc3c(NCc4cccc(I)c4)nc(Cl)nc32)[C@@H]1O,Full Agonist,0.0356
CHEMBL4855847,O=C(O)CCc1nc(-c2ccccc2)c(-c2cc(C(F)(F)F)cc(C(F)(F)F)c2)o1,Full Agonist,0.003
CHEMBL4849999,O=C(O)CCc1cc(-c2cc(Cl)cc(Cl)c2)n(-c2ccc(Cl)cc2)n1,Full Agonist,0.006
CHEMBL4862605,O=C(O)CCCc1cc(-c2cc(Cl)cc(Cl)c2)n(-c2ccccc2)n1,Full Agonist,0.002
